id,external_id,title,channel,duration_seconds,stratum_format,stratum_duration,sampling_source,v_tiene_transcripcion,v_fuente_transcripcion,v_transcripcion_auto,v_palabras_por_signo,v_tiene_puntuacion,v_cobertura_transcripcion,v_transcripcion_completa,v_tiene_metadatos,v_tiene_descripcion,v_apto_panel,ritmo_ppm,ritmo_cv,p_tramo_silencioso,palabras_por_frase,preguntas_1000w,mattr_200,p_palabras_contenido,hapax_ratio,long_media_palabra,muletillas_1000w,cifras_100w,anios_1000w,porcentajes_1000w,unidades_1000w,atribucion_1000w,conectores_1000w,matizadores_1000w,absolutos_1000w,ratio_matiz_absoluto,marcadores_estructura_1000w,capitulos_10min,tiene_indice,cta_1000w,patrocinio_1000w,anticipacion_1000w,promocional_1000w,enlaces_total,enlaces_externos,enlaces_fuente,tiene_fuentes_externas,desc_caracteres,desc_timestamps,titulo_palabras_clave,cobertura_titulo,foco_promesa,densidad_tema_100w,n_tags,titulo_p_mayusculas,titulo_exclamaciones,titulo_es_pregunta,titulo_superlativos,titulo_numero_lista,titulo_banderas,et_porcion,et_formato,et_caducidad,et_promesa,et_trazabilidad,et_navegabilidad,et_calidad_dato,et_idioma,et_categoria_yt
409,hZ8JXQyY99k,regreso despues de 3 meses xd,Danicat3345juega,390,deporte_gaming,corto,busqueda_semilla,0,ninguna,0,,0,,0,1,1,0,,,,,,,,,,,,,,,,,,,,,0.0,0,,,,,0,0,0,0,55,0,3,,,,0,0.0,0,0,0,0,0,corto,sin_clasificar,perenne,declarativa,sin_enlaces,bloque_continuo,sin_transcripcion,es,Gaming
411,t7IDj9Q5iec,El juego DE LAS NALGADAS - The Good Time Garden,BaityLive,569,deporte_gaming,corto,busqueda_semilla,1,youtube_auto,1,,0,0.37,0,1,1,0,55.0,0.686,0.263,,,0.535,0.479,0.718,4.1,26.82,0.38,0.0,0.0,0.0,0.0,13.41,0.0,5.75,0.08,0.0,0.0,0,0.0,0.0,0.0,0.0,4,1,0,1,299,0,4,0.75,0.013,2.3,6,0.486,0,0,0,0,0,corto,sin_clasificar,perenne,declarativa,con_enlaces_externos,bloque_continuo,transcripcion_parcial,es,Gaming
426,njkL8crdHao,👶 ¡Cuando eramos Bebés y Usabamos Pañales!  | Toca Boca Life World,Luna Forever,571,deporte_gaming,corto,busqueda_semilla,1,youtube_auto,1,,0,1.05,1,1,1,1,156.9,0.243,0.05,,,0.6035,0.478,0.751,4.19,7.37,1.27,0.0,0.0,1.34,0.0,3.35,2.68,8.04,0.372,0.0,0.0,0,0.67,0.0,0.0,0.67,7,0,0,0,735,0,8,0.5,0.01,1.27,23,0.16,2,0,0,0,1,corto,sin_clasificar,perenne,declarativa,solo_enlaces_propios,bloque_continuo,transcripcion_automatica,es,Gaming
399,WyyFij-8CT8,Godzilla vs T Rex con el desafío Elige la respuesta correcta   ¿Quién es el ganador,Yah Dino Español,248,deporte_gaming,corto,busqueda_semilla,1,youtube_auto,1,,0,0.2,0,1,1,0,29.5,0.512,0.222,,,0.6721,0.508,0.868,4.43,8.2,0.82,0.0,0.0,0.0,0.0,0.0,0.0,0.0,1.0,0.0,0.0,0,0.0,0.0,0.0,0.0,0,0,0,0,615,0,6,0.167,0.631,1.64,20,0.076,0,1,0,0,0,corto,sin_clasificar,perecedero,pregunta,sin_enlaces,bloque_continuo,transcripcion_parcial,es,Gaming
407,Ky91BAnidn4,"REGALANDO 💎5,000💎A GENTE RANDOM EN ESCUADRAS DEL MUNDO EN FREE FIRE 🤣",WATZAP,514,deporte_gaming,corto,busqueda_semilla,1,youtube_auto,1,234.6,0,0.91,1,1,1,1,136.9,0.438,0.056,,,0.5825,0.434,0.769,4.02,12.79,3.5,0.0,0.85,1.71,0.85,11.08,2.56,5.97,0.473,1.71,0.0,0,1.71,0.0,0.0,1.71,4,1,0,1,317,0,7,1.0,0.024,1.11,15,1.0,0,0,0,0,1,corto,sin_clasificar,perenne,declarativa,con_enlaces_externos,bloque_continuo,transcripcion_automatica,es,Gaming
414,QmPSa7kXuD0,☘️ COMO Conseguir CUALQUIER POKEMON EVOLUTIVO por INTERCAMBIO en POKEMON DIAMANTE BRILLANTE [FÁCIL],◓AshKetchupYT◓ ,278,deporte_gaming,corto,busqueda_semilla,1,youtube_auto,1,,0,1.02,1,1,1,1,153.7,0.357,0.1,,,0.5423,0.465,0.702,4.43,14.04,2.81,0.0,0.0,0.0,1.4,25.28,0.0,7.02,0.066,1.4,0.0,0,1.4,0.0,0.0,1.4,6,0,0,0,4452,0,9,0.875,0.046,3.23,16,0.843,0,0,0,0,1,corto,sin_clasificar,perecedero,declarativa,solo_enlaces_propios,bloque_continuo,transcripcion_automatica,es,Gaming
402,1b_Wmb9G8qc,poner cualquier vídeo de tiktok a tono de llamada,Sebastian Nossa Delgado,207,deporte_gaming,corto,busqueda_semilla,1,youtube_auto,1,,0,0.88,1,1,0,1,132.2,0.154,0.0,,,0.5092,0.434,0.717,4.47,24.12,1.1,0.0,0.0,0.0,0.0,2.19,0.0,6.58,0.071,0.0,0.0,0,0.0,0.0,0.0,0.0,0,0,0,0,0,0,6,0.667,0.024,4.61,0,0.0,0,0,0,0,0,corto,sin_clasificar,perenne,declarativa,sin_enlaces,bloque_continuo,transcripcion_automatica,es,Gaming
404,B1be19Z3HAI,GENTE ENOJADA EN WARZONE #4 !,Draagster,168,deporte_gaming,corto,busqueda_semilla,1,youtube_auto,1,,0,0.11,0,1,1,0,16.4,0.132,0.0,,,0.7609,0.435,0.824,3.72,43.48,2.17,0.0,0.0,0.0,0.0,21.74,0.0,21.74,0.022,0.0,0.0,0,0.0,0.0,0.0,0.0,0,0,0,0,389,0,3,0.0,,,0,1.0,1,0,0,0,2,corto,sin_clasificar,perenne,declarativa,sin_enlaces,bloque_continuo,transcripcion_parcial,es,Gaming
413,5gMXdOfKyLY,Lucia inundó el coche xd,BENIJU,135,deporte_gaming,corto,chart_canal,1,youtube_auto,1,9.2,1,1.23,1,1,0,1,184.0,0.277,0.0,9.2,24.15,0.572,0.49,0.758,3.86,45.89,0.72,0.0,0.0,0.0,0.0,14.49,2.42,12.08,0.232,0.0,0.0,0,0.0,0.0,0.0,0.0,0,0,0,0,0,0,3,0.667,0.0,2.17,0,0.05,0,0,0,0,0,corto,sin_clasificar,perenne,declarativa,sin_enlaces,bloque_continuo,transcripcion_automatica,es,Gaming
417,ns_rZ0JSPsE,¿Cuál fue el momento más duro de la vida de Faustino Asprilla? Tremenda confesión,Gol Caracol,576,deporte_gaming,corto,busqueda_semilla,1,youtube_auto,1,16.6,1,1.16,1,1,1,1,174.7,0.262,0.05,16.6,7.75,0.5617,0.421,0.693,3.94,6.56,2.39,0.0,0.0,5.37,0.0,8.35,0.6,12.52,0.084,0.0,8.33,1,0.0,0.0,0.0,0.0,5,0,0,0,1973,15,7,0.286,0.254,0.42,18,0.061,0,1,0,0,0,corto,conversacion_larga,perecedero,pregunta,solo_enlaces_propios,con_indice,transcripcion_automatica,es,Sports
504,9HNFkdms72M,senna quedo como que  WHAT??,Frankystar,302,deporte_gaming,corto,busqueda_semilla,0,ninguna,0,,0,,0,1,1,0,,,,,,,,,,,,,,,,,,,,,0.0,0,,,,,1,0,0,0,401,0,2,,,,0,0.19,0,1,0,0,0,corto,sin_clasificar,perenne,pregunta,solo_enlaces_propios,bloque_continuo,sin_transcripcion,es,Gaming
505,8QtGULun1XY,"LOS MAZOS RAMPA!!! / TRUCOS, TIPS, CONSEJOS Y MUCHO MÁS!!! Pvz Héroes/ ZackNa",ZackNa,541,deporte_gaming,corto,busqueda_semilla,1,youtube_auto,1,1649.0,0,1.22,1,1,1,1,182.9,0.268,0.053,,,0.5912,0.473,0.706,4.53,16.98,2.43,0.0,0.0,1.21,0.0,20.62,1.82,3.64,0.56,1.82,12.2,1,1.21,0.0,0.0,1.21,3,0,0,0,2128,12,7,0.571,0.007,1.46,12,0.8,6,0,0,0,2,corto,sin_clasificar,perecedero,declarativa,solo_enlaces_propios,con_indice,transcripcion_automatica,es,Gaming
503,vPOat-AZXfk,Desbloquea el Viaje Rapido Permanente ! en Forza Horizon 5 ! GUIA RAPIDA,Doughty Studios,172,deporte_gaming,corto,busqueda_semilla,1,youtube_auto,1,,0,1.06,1,1,1,1,158.4,0.236,0.0,,,0.5367,0.432,0.8,4.35,8.81,1.32,0.0,0.0,2.2,0.0,0.0,0.0,4.41,0.102,0.0,0.0,0,6.61,0.0,0.0,6.61,21,0,0,0,1595,0,8,0.75,0.051,4.63,18,0.281,2,0,0,0,1,corto,sin_clasificar,perenne,declarativa,solo_enlaces_propios,bloque_continuo,transcripcion_automatica,es,Gaming
410,9Z5byent42I,Mientras duermes - Virlan García Tutorial requinto,Miguel Pineda,266,deporte_gaming,corto,busqueda_semilla,1,youtube_auto,1,,0,0.48,1,1,1,1,71.3,0.194,0.0,,,0.45,0.408,0.644,3.94,6.33,16.46,0.0,0.0,0.0,0.0,3.16,6.33,0.0,13.66,0.0,0.0,0,0.0,0.0,0.0,0.0,2,0,0,0,146,0,6,0.333,0.905,0.95,0,0.093,0,0,0,0,0,corto,sin_clasificar,perenne,declarativa,solo_enlaces_propios,bloque_continuo,transcripcion_automatica,es,Gaming
419,K2_ut8VNqV0,Como preparar un hand roll #chile #sushi #cocina #peru #parati,samir oficial,289,deporte_gaming,corto,busqueda_semilla,1,youtube_auto,1,,0,0.65,1,1,1,1,97.0,0.136,0.0,,,0.4992,0.546,0.679,4.63,27.84,2.36,0.0,0.0,0.0,0.0,2.14,0.0,8.57,0.055,0.0,0.0,0,2.14,0.0,0.0,2.14,0,0,0,0,13,0,8,0.5,0.006,4.5,0,0.021,0,0,0,0,0,corto,instructivo,perenne,imperativa,sin_enlaces,bloque_continuo,transcripcion_automatica,es,Gaming
396,DvZhMwhzMc0,CONSIGUE en AVAKIN LIFE cualquier ropa o accesorio GRATIS! con la OPCIÓN de CONSTRUIR,Captain Skeleton ,165,deporte_gaming,corto,busqueda_semilla,1,youtube_auto,1,,0,0.92,1,1,0,1,138.5,0.243,0.0,,,0.5225,0.43,0.716,4.18,18.37,2.36,0.0,0.0,7.87,0.0,7.87,0.0,7.87,0.06,0.0,0.0,0,0.0,0.0,0.0,0.0,0,0,0,0,0,0,9,0.556,0.031,1.84,0,0.549,1,0,0,0,2,corto,sin_clasificar,perenne,declarativa,sin_enlaces,bloque_continuo,transcripcion_automatica,es,Gaming
394,BiwEGb7pj6k,✨Cómo Conseguir Literalmente CUALQUIER POKÉMON en 2 MINUTOS [Legal] Pokémon DB/PR,Team Eevee,172,deporte_gaming,corto,busqueda_semilla,1,youtube_auto,1,,0,1.05,1,1,1,1,157.3,0.247,0.0,,,0.6083,0.517,0.782,4.46,26.61,1.33,0.0,0.0,2.22,0.0,6.65,0.0,2.22,0.184,2.22,17.44,1,2.22,0.0,2.22,2.22,13,1,0,1,1558,0,7,0.667,0.024,3.99,22,0.485,0,0,0,0,0,corto,sin_clasificar,perecedero,declarativa,con_enlaces_externos,con_indice,transcripcion_automatica,es,Gaming
405,fu9LhQgWwUQ,Cómo se llamará? #zuzuunboxing #unboxing #bebe #karlyfuun #juguetes #shortvideo #roblox,Karly Fuun,180,deporte_gaming,corto,chart_canal,1,youtube_auto,1,5.6,1,0.84,1,1,0,1,126.7,0.176,0.0,5.6,7.89,0.4938,0.455,0.667,3.62,13.16,0.53,0.0,0.0,2.63,0.0,0.0,0.0,2.63,0.16,5.26,0.0,0,2.63,0.0,2.63,2.63,0,0,0,0,0,0,8,0.125,0.103,1.84,0,0.014,0,1,0,0,0,corto,instructivo,perenne,pregunta,sin_enlaces,bloque_continuo,transcripcion_automatica,es,Gaming
406,WOnMLaQI8hM,que acabo de pasar in this game,Frankystar,302,deporte_gaming,corto,busqueda_semilla,0,ninguna,0,,0,,0,1,1,0,,,,,,,,,,,,,,,,,,,,,0.0,0,,,,,0,0,0,0,26,0,3,,,,0,0.0,0,0,0,0,0,corto,sin_clasificar,perenne,declarativa,sin_enlaces,bloque_continuo,sin_transcripcion,es,Gaming
400,4CIXE4qPm0c,💥DAVO OPINA DEL FICHAJE DE RODRI POR EL BARCELONA Y EL PAPEL DEL REAL MADRID #shorts #futbol,El Balón de Icaro ,152,deporte_gaming,corto,chart_canal,1,youtube_auto,1,20.6,1,1.41,1,1,0,1,211.6,0.417,0.167,20.6,3.73,0.5221,0.453,0.755,4.25,1.87,1.49,0.0,0.0,1.87,0.0,9.33,0.0,20.52,0.024,0.0,0.0,0,0.0,0.0,0.0,0.0,0,0,0,0,0,0,10,0.4,0.004,2.99,0,0.836,0,0,0,0,1,corto,sin_clasificar,perenne,declarativa,sin_enlaces,bloque_continuo,transcripcion_automatica,es,Sports
398,ViW-dnzoPWk,🛏 VAMOS A LA GUERRA DE CAMAS EN EQUIPOS !!! Bed Wars || ROBLOX,Team Oxkr,529,deporte_gaming,corto,busqueda_semilla,1,youtube_auto,1,1054.0,0,0.8,1,1,1,1,119.5,0.314,0.0,,,0.5283,0.461,0.709,4.21,15.18,3.8,10.44,0.0,0.0,0.0,6.64,1.9,2.85,0.716,1.9,0.0,0,0.95,0.0,0.0,0.95,5,0,0,0,463,0,5,0.2,0.014,0.09,8,0.884,3,0,0,0,2,corto,sin_clasificar,perenne,declarativa,solo_enlaces_propios,bloque_continuo,transcripcion_automatica,es,Gaming
401,rCdYB54gX0c,¿BARCELONA rompe el mercado de pases por estos FICHAJES galacticos? 😱| Ultimas Noticias del #Futbol,LasCronicasDeJoaqo,128,deporte_gaming,corto,chart_canal,1,youtube_auto,1,38.2,1,1.43,1,1,0,1,214.7,0.379,0.2,38.2,6.55,0.6233,0.493,0.891,4.62,2.18,6.33,0.0,0.0,21.83,0.0,4.37,0.0,2.18,0.187,0.0,0.0,0,0.0,0.0,2.18,0.0,0,0,0,0,0,0,9,0.556,0.002,2.18,0,0.25,0,1,0,0,0,corto,sin_clasificar,perecedero,pregunta,sin_enlaces,bloque_continuo,transcripcion_automatica,es,Sports
403,oWvbO1s0T2I,Pura Gente de la Patrona 🤣 - LaFronteraRPV2 | Lenteja en GTA Roleplay,Saint Lenteja,331,deporte_gaming,corto,busqueda_semilla,0,ninguna,0,,0,,0,1,1,0,,,,,,,,,,,,,,,,,,,,,0.0,0,,,,,2,0,0,0,193,0,6,,,,0,0.245,0,0,0,0,0,corto,sin_clasificar,perenne,declarativa,solo_enlaces_propios,bloque_continuo,sin_transcripcion,es,Gaming
395,JQovOX82D-M,😱😱DUAL CARBON TODAVIA NO ABANDONARÁ AL UNIVERSAL TRUCK SIMULATOR😱😱//,JN Games ,333,deporte_gaming,corto,busqueda_semilla,1,youtube_auto,1,,0,0.75,1,1,1,1,111.9,0.39,0.083,,,0.6267,0.477,0.765,5.05,9.66,1.13,0.0,0.0,0.0,1.61,3.22,3.22,12.88,0.278,0.0,0.0,0,1.61,0.0,0.0,1.61,5,3,0,1,1534,0,7,0.571,0.043,1.77,13,1.0,0,0,0,0,1,corto,sin_clasificar,perecedero,declarativa,con_enlaces_externos,bloque_continuo,transcripcion_automatica,es,Gaming
397,C8k4XH6DVmY,🌊 ¡La FAMILIA AJOLOTE y su VIDA BAJO EL AGUA! Hospital SUBMARINO en Avatar World,LiliCat,517,deporte_gaming,corto,busqueda_semilla,1,youtube_auto,1,7.2,1,1.0,1,1,1,1,150.3,0.226,0.056,7.2,13.9,0.612,0.516,0.724,4.33,9.27,1.08,0.0,0.0,0.0,0.0,3.86,2.32,8.49,0.314,0.0,0.0,0,6.95,0.0,2.32,6.95,4,1,0,1,1366,0,9,1.0,0.006,2.47,18,0.651,2,0,0,0,2,corto,sin_clasificar,perenne,declarativa,con_enlaces_externos,bloque_continuo,transcripcion_automatica,es,Gaming
408,QqbR4HykMlU,Más allá del juego- Reyes| PUBG MOBILE,PUBG MOBILE LATAM,280,deporte_gaming,corto,busqueda_semilla,1,youtube_auto,1,,0,0.48,1,1,1,1,71.8,0.415,0.1,,,0.6317,0.501,0.887,4.27,5.97,1.79,0.0,0.0,2.99,2.99,11.94,0.0,29.85,0.016,0.0,0.0,0,0.0,0.0,0.0,0.0,7,0,0,0,546,0,4,0.5,0.018,1.19,6,0.4,0,0,0,0,0,corto,lista_ranking,perecedero,declarativa,solo_enlaces_propios,bloque_continuo,transcripcion_automatica,es,Gaming
412,dBU0Oui6sd0,Aunque no lo parezca Aqua y Shion son tal para cual [Hololive Sub Español],HoloClips con olor a tacos,273,deporte_gaming,corto,busqueda_semilla,1,youtube_auto,1,8.7,1,0.97,1,1,1,1,145.9,0.477,0.1,8.7,12.05,0.616,0.489,0.827,4.42,13.55,1.96,0.0,0.0,1.51,0.0,9.04,3.01,12.05,0.28,0.0,0.0,0,0.0,0.0,0.0,0.0,5,0,0,0,955,0,6,0.0,,,4,0.102,0,0,0,0,0,corto,directo,perenne,declarativa,solo_enlaces_propios,bloque_continuo,transcripcion_automatica,es,Gaming
418,MpSZuX21eYE,La RESPUESTA de ROSSI al OFRECIMIENTO de RENOVACIÓN de BOCA,Reporte Fútbol,403,deporte_gaming,corto,busqueda_semilla,1,youtube_auto,1,,0,0.98,1,1,1,1,147.1,0.21,0.071,,,0.5991,0.483,0.724,4.52,10.12,2.94,1.01,0.0,4.05,0.0,15.18,1.01,0.0,3.02,1.01,0.0,0,1.01,0.0,0.0,1.01,5,1,0,1,421,0,5,0.6,0.019,2.94,23,0.82,0,0,0,0,1,corto,sin_clasificar,perenne,declarativa,con_enlaces_externos,bloque_continuo,transcripcion_automatica,es,Sports
416,-ucNY6gTHZc,Cómo abrir esta puerta del Desierto de Sumeru (Santuario de Jmun) . Genshin Impact 3.1 Desierto,Sagi,407,deporte_gaming,corto,busqueda_semilla,1,youtube_auto,1,10.9,1,0.97,1,1,1,1,144.9,0.33,0.071,10.9,21.36,0.5103,0.437,0.638,4.35,22.38,1.42,0.0,0.0,0.0,0.0,6.1,2.03,6.1,0.383,0.0,0.0,0,0.0,0.0,0.0,0.0,4,1,0,1,1202,0,9,0.5,0.014,1.63,25,0.108,0,0,0,0,0,corto,instructivo,perenne,imperativa,con_enlaces_externos,bloque_continuo,transcripcion_automatica,es,Gaming
415,jqaZJsKzrDc,🗓️ ¿Cuántos DÍAS entrenar a la SEMANA para ganar MASA MUSCULAR? | FRECUENCIA,Profesor Matias Rodriguez,411,deporte_gaming,corto,busqueda_semilla,1,youtube_auto,1,,0,1.19,1,1,1,1,178.4,0.145,0.0,,,0.5481,0.45,0.615,4.48,25.37,2.62,0.0,0.0,0.82,0.82,16.37,0.82,1.64,0.617,4.09,0.0,0,0.0,0.0,0.0,0.0,2,2,0,1,592,0,8,0.625,0.014,2.21,22,0.559,0,1,0,0,1,corto,sin_clasificar,perenne,pregunta,con_enlaces_externos,bloque_continuo,transcripcion_automatica,es,Sports
425,RbUQ1cCJXBg,Como jugar GTA 5 online con amigos de Xbox one y pc Fácil y Rápido,TashitoRD,302,deporte_gaming,corto,busqueda_semilla,1,youtube_auto,1,,0,1.09,1,1,1,1,163.1,0.35,0.091,,,0.5988,0.46,0.756,4.42,14.62,1.71,0.0,0.0,0.0,0.0,3.65,0.0,8.53,0.055,3.65,0.0,0,1.22,0.0,0.0,1.22,2,1,0,1,498,0,6,0.5,0.005,4.51,15,0.137,0,0,0,0,0,corto,instructivo,perecedero,imperativa,con_enlaces_externos,bloque_continuo,transcripcion_automatica,es,Gaming
422,DaMKJcwZMvU,Pokémon Champions...,Joseju,123,deporte_gaming,corto,chart_canal,1,youtube_auto,1,12.0,1,1.29,1,1,0,1,193.2,0.458,0.2,12.0,7.58,0.6488,0.462,0.861,4.38,12.63,1.01,0.0,0.0,2.53,0.0,12.63,5.05,7.58,0.687,5.05,0.0,0,0.0,0.0,0.0,0.0,0,0,0,0,0,0,2,1.0,0.025,1.52,0,0.125,0,0,0,0,0,corto,sin_clasificar,perenne,declarativa,sin_enlaces,bloque_continuo,transcripcion_automatica,es,Gaming
423,6387_kgAZBQ,La Historia De Inosuke | Kimetsu No Yaiba,Gamerpedia,509,deporte_gaming,corto,busqueda_semilla,1,youtube_auto,1,,0,1.03,1,1,1,1,153.8,0.246,0.059,,,0.6109,0.461,0.78,4.23,5.36,1.76,0.0,0.0,0.77,0.0,10.73,4.6,9.2,0.526,0.77,0.0,0,0.77,0.0,0.0,0.77,2,0,0,0,437,0,4,0.25,0.011,0.23,8,0.212,0,0,0,0,0,corto,explicativo,perenne,declarativa,solo_enlaces_propios,bloque_continuo,transcripcion_automatica,es,Gaming
424,aucQ5WMkwwE,La casa del perro Silent Hill 1 Guía Español Latino #2,Retro Gaming Snow,443,deporte_gaming,corto,busqueda_semilla,1,youtube_auto,1,,0,0.36,0,1,1,0,53.4,1.116,0.467,,,0.5938,0.477,0.834,4.35,17.77,3.55,0.0,0.0,2.54,0.0,12.69,0.0,7.61,0.062,0.0,0.0,0,0.0,0.0,0.0,0.0,0,0,0,0,492,0,7,0.714,0.046,2.79,23,0.146,0,0,0,0,0,corto,sin_clasificar,perenne,declarativa,sin_enlaces,bloque_continuo,transcripcion_parcial,es,Gaming
421,3pHJ8iB0s8U,La  sorprendente conducción de Max Verstappen cuando era joven,Driver61 en Español,532,deporte_gaming,corto,busqueda_semilla,1,youtube_auto,1,,0,1.11,1,1,1,1,165.9,0.205,0.0,,,0.6356,0.492,0.741,4.47,8.84,2.65,1.36,0.0,4.76,0.0,8.16,0.68,10.88,0.104,0.68,0.0,0,0.0,0.0,0.0,0.0,3,0,0,0,1120,0,4,0.5,0.014,0.34,0,0.057,0,0,0,0,0,corto,sin_clasificar,perenne,declarativa,solo_enlaces_propios,bloque_continuo,transcripcion_automatica,es,Sports
420,8hNvOrPnuz4,NO Sabes jugar a FORTNITE. (Si no sabes esto),Gorjue,513,deporte_gaming,corto,busqueda_semilla,1,youtube_auto,1,,0,1.56,1,1,1,1,233.8,0.25,0.056,,,0.5842,0.459,0.691,4.21,5.5,3.2,0.0,0.0,0.5,0.0,11.01,0.5,9.5,0.1,1.5,0.0,0,0.0,0.5,0.0,0.5,5,0,0,0,266,0,4,1.0,0.008,1.1,7,0.353,0,0,0,0,0,corto,resumen_evento,perecedero,imperativa,solo_enlaces_propios,bloque_continuo,transcripcion_automatica,es,Gaming
488,y6cQVnkiA6A,Esta TORRE ASMR ESCONDE un SECRETO OSCURO en Roblox con el TEAM,Chocoblox,3290,deporte_gaming,largo,chart_canal,1,youtube_auto,1,5.2,1,0.96,1,1,1,1,144.5,0.148,0.0,5.2,27.51,0.4997,0.447,0.563,3.82,30.04,0.9,0.0,0.0,0.0,0.0,8.71,0.5,7.45,0.126,0.5,0.0,0,0.0,0.0,1.39,0.0,16,7,0,1,1455,0,7,0.857,0.006,1.01,0,0.673,0,0,0,0,1,largo,sin_clasificar,perenne,declarativa,con_enlaces_externos,bloque_continuo,transcripcion_automatica,es,Gaming
481,yI61OfzymIc,Jugando cualquier wea,Ripvicho,5278,deporte_gaming,largo,busqueda_semilla,1,youtube_auto,1,,0,0.16,0,1,1,0,23.4,0.541,0.097,,,0.6261,0.44,0.794,3.87,24.78,2.58,0.0,0.0,0.49,0.49,5.83,0.0,7.77,0.06,0.0,0.0,0,0.0,0.0,0.0,0.0,0,0,0,0,139,0,2,0.0,,,5,0.053,0,0,0,0,0,muy_largo,directo,perenne,declarativa,sin_enlaces,bloque_continuo,transcripcion_parcial,es,Gaming
476,YxyxBUr9jeQ,¿DESTRUIRÁN nuestra base? JAMÁS con estas Defensas! ARK Survival Evolved,Akantor_Play 13,4430,deporte_gaming,largo,chart_canal,1,youtube_auto,1,7.1,1,1.12,1,1,1,1,168.1,0.298,0.054,7.1,17.97,0.5685,0.451,0.615,3.9,24.81,2.51,0.24,0.64,2.42,0.08,7.17,0.73,8.06,0.144,0.24,0.0,0,0.08,0.0,0.24,0.08,7,2,0,1,837,0,6,0.333,0.008,0.26,11,0.35,1,1,0,0,1,muy_largo,sin_clasificar,perenne,pregunta,con_enlaces_externos,bloque_continuo,transcripcion_automatica,es,Gaming
483,QSGNV3Ndpmk,¿PUEDE DARSE LA SORPRESA? ¿MADRID O BARÇA? | RENOVACIÓN VINICIUS,SiroLopez56,5338,deporte_gaming,largo,chart_canal,1,youtube_auto,1,22.3,1,1.23,1,1,1,1,183.9,0.154,0.0,22.3,7.33,0.511,0.414,0.544,3.97,30.25,2.33,0.37,0.37,5.32,0.37,18.52,1.71,4.71,0.424,0.67,0.0,0,0.0,0.0,0.31,0.0,6,0,0,0,924,0,6,0.667,0.002,1.87,0,1.0,0,1,0,0,1,muy_largo,sin_clasificar,perenne,pregunta,solo_enlaces_propios,bloque_continuo,transcripcion_automatica,es,Sports
489,a9pq9CQHe-k,LO MEJOR DE LA SEMANA EN A PRESIÓN,A PRESIÓN,3802,deporte_gaming,largo,busqueda_semilla,1,youtube_auto,1,7856.0,0,0.83,1,1,1,1,124.0,0.348,0.047,,,0.5863,0.491,0.637,4.06,15.15,1.67,0.25,0.0,2.04,0.13,9.16,0.76,8.27,0.144,0.64,0.0,0,0.64,0.0,0.13,0.64,0,0,0,0,308,0,3,1.0,0.009,0.28,12,1.0,0,0,0,0,1,muy_largo,resumen_evento,perenne,declarativa,sin_enlaces,bloque_continuo,transcripcion_automatica,es,Sports
466,Q0bJCfJShT4,RETO PONTE EN FORMA EN 7 DIAS | DÍA 1 PIERNAS COMPLETAS | TONIFICAR PIERNAS EN CASA | NatyglossGym,NatyGloss Gym,2952,deporte_gaming,largo,busqueda_semilla,1,youtube_auto,1,,0,0.54,1,1,1,1,81.1,0.387,0.051,,,0.4951,0.45,0.492,4.54,5.51,5.76,0.0,0.0,10.78,0.0,4.26,0.25,2.51,0.249,0.25,0.0,0,0.25,0.0,0.0,0.25,3,0,0,0,782,0,10,0.556,0.003,0.73,21,0.867,0,0,0,0,1,largo,sin_clasificar,perenne,declarativa,solo_enlaces_propios,bloque_continuo,transcripcion_automatica,es,Sports
482,VunWMWfFlWc,ME HACKEAN EL ORDENADOR,Iker Unzu,2266,deporte_gaming,largo,chart_canal,1,youtube_auto,1,5.8,1,1.07,1,1,1,1,160.5,0.24,0.0,5.8,28.37,0.5312,0.471,0.564,3.9,18.15,1.11,0.0,0.16,0.16,0.66,9.07,1.48,6.27,0.292,0.49,0.0,0,0.0,0.0,0.49,0.0,10,2,0,1,864,0,2,0.5,0.01,0.36,13,1.0,0,0,0,0,1,largo,sin_clasificar,perenne,declarativa,con_enlaces_externos,bloque_continuo,transcripcion_automatica,es,Gaming
460,gNNWwVINWzw,MICKEY MOUSE DA MAS MIEDO QUE NUNCA | OBLITUS CASA (COMPLETO Y FINAL) Gameplay Español,Cade,3465,deporte_gaming,largo,busqueda_semilla,1,youtube_auto,1,,0,0.57,1,1,1,1,85.2,0.593,0.129,,,0.5345,0.435,0.627,3.98,12.59,1.34,0.0,0.0,0.2,0.2,11.98,2.64,7.52,0.392,0.41,0.0,0,0.2,0.0,0.2,0.2,7,4,0,1,609,0,10,0.7,0.004,0.91,14,0.812,0,0,0,0,1,largo,sin_clasificar,perecedero,declarativa,con_enlaces_externos,bloque_continuo,transcripcion_automatica,es,Gaming
480,QmVf_CSYgek,7 PRISIONES EXTREMAS que NUNCA te DEJARÁN ESCAPAR,YOLO AVENTURAS,3784,deporte_gaming,largo,busqueda_semilla,1,youtube_auto,1,,0,0.86,1,1,1,1,128.3,0.292,0.016,,,0.6094,0.479,0.649,4.13,11.49,2.56,0.0,0.0,2.84,0.12,6.8,0.37,4.82,0.164,0.37,0.0,0,0.25,0.0,0.25,0.25,21,2,0,1,2156,0,5,0.8,0.001,0.23,28,0.878,0,0,0,1,1,muy_largo,lista_ranking,perenne,lista,con_enlaces_externos,bloque_continuo,transcripcion_automatica,es,Sports
465,7vsX6_qUshM,*RETO DE COMIDA IMPOSIBLE* 😱ESTIKK COME POR 1€ AL DÍA DURANTE UNA SEMANA😱,Fufisito,2253,deporte_gaming,largo,busqueda_semilla,1,youtube_auto,1,10.4,1,1.21,1,1,1,1,181.8,0.305,0.039,10.4,9.52,0.5626,0.434,0.618,3.85,18.17,3.69,0.29,0.0,2.05,0.15,11.14,1.61,5.57,0.348,0.73,0.0,0,0.44,0.29,1.17,0.73,16,11,0,1,1111,0,5,0.8,0.002,0.72,25,1.0,0,0,0,0,1,largo,directo,perecedero,declarativa,con_enlaces_externos,bloque_continuo,transcripcion_automatica,es,Sports
467,sqa382YfyZk,🥵🥵Y ENTONCES... JUEGO AL SHADY PART OF ME🤑🤑 - GAMEPLAY EN ESPAÑOL,EL BRAYAN,2612,deporte_gaming,largo,busqueda_semilla,1,youtube_auto,1,,0,0.31,0,1,1,0,46.1,0.518,0.08,,,0.5686,0.448,0.754,4.04,10.97,0.85,0.5,0.0,0.0,1.0,11.47,3.99,3.99,1.0,0.5,0.0,0,0.0,0.0,0.0,0.0,1,0,0,0,497,0,4,0.5,0.013,0.65,12,1.0,0,0,0,0,1,largo,directo,perecedero,declarativa,solo_enlaces_propios,bloque_continuo,transcripcion_parcial,es,Gaming
506,lAZARLOM9_s,EVOLUCIÓN de Videojuegos de RALLY | Análisis de Tiempo de Videojuegos,Tiempo de Videojuegos,1817,deporte_gaming,largo,busqueda_semilla,1,youtube_auto,1,1866.5,0,0.82,1,1,1,1,123.3,0.433,0.131,,,0.5873,0.47,0.687,4.23,25.18,4.9,7.77,0.54,1.88,0.0,6.7,1.34,8.3,0.209,0.0,0.0,0,0.27,0.27,0.0,0.54,4,1,0,1,338,0,6,0.8,0.005,2.44,5,0.31,0,0,0,0,0,largo,explicativo,perenne,declarativa,con_enlaces_externos,bloque_continuo,transcripcion_automatica,es,Gaming
461,3HS2W77-QBE,VlogMas 5- Navidades en el pueblo,Teresa López Cerdán ,2413,deporte_gaming,largo,chart_canal,1,youtube_auto,1,10.8,1,1.07,1,1,1,1,160.5,0.316,0.025,10.8,12.4,0.5666,0.442,0.627,4.06,19.37,1.89,0.0,0.0,1.7,0.0,14.1,0.77,9.3,0.13,0.31,0.0,0,0.15,0.0,0.15,0.15,2,1,0,1,816,0,3,0.667,0.005,0.36,0,0.115,0,0,0,0,0,largo,sin_clasificar,perenne,declarativa,con_enlaces_externos,bloque_continuo,transcripcion_automatica,es,Sports
475,i5UzRW7Uhdk,La Tienda de Ramen,Rubius Z,2717,deporte_gaming,largo,chart_canal,1,youtube_auto,1,5.2,1,0.79,1,1,1,1,119.2,0.289,0.011,5.2,24.64,0.5912,0.515,0.625,4.09,25.57,2.61,0.0,0.19,0.37,0.0,6.3,1.3,8.71,0.195,0.0,0.0,0,0.37,0.0,0.0,0.37,3,1,0,1,148,0,2,1.0,0.005,1.52,27,0.2,0,0,0,0,0,largo,sin_clasificar,perecedero,declarativa,con_enlaces_externos,bloque_continuo,transcripcion_automatica,es,Gaming
464,CO7SGjxXgL0,CLASE ENFERMERO🚑 HOSPITAL DE ANIMALES CON MIS AMIGOS! #1,ElAbrahaham,1824,deporte_gaming,largo,chart_canal,1,youtube_auto,1,5.3,1,1.19,1,1,1,1,178.6,0.168,0.0,5.3,24.68,0.5471,0.48,0.625,3.98,25.23,1.6,0.0,0.0,0.74,0.18,4.79,0.18,8.29,0.077,0.74,0.0,0,0.18,0.0,0.55,0.18,5,0,0,0,354,0,5,1.0,0.002,0.92,29,1.0,1,0,0,0,2,largo,directo,perecedero,declarativa,solo_enlaces_propios,bloque_continuo,transcripcion_automatica,es,Gaming
463,Mc-nDtGMVlo,Charlita chill sin shinys (Obvio) - Pokemon Quetzal con Shinys Full Odds Ep. 2,Luismi_6,2955,deporte_gaming,largo,busqueda_semilla,1,youtube_auto,1,,0,0.83,1,1,1,1,123.9,0.314,0.02,,,0.5428,0.441,0.567,3.92,21.31,2.28,0.16,0.66,2.29,0.33,17.7,1.8,6.06,0.351,0.16,0.0,0,0.16,0.0,0.0,0.16,3,0,0,0,357,0,9,0.375,0.001,1.48,3,0.133,0,0,0,0,0,largo,sin_clasificar,perenne,declarativa,solo_enlaces_propios,bloque_continuo,transcripcion_automatica,es,Gaming
462,mqxfYKNEgKs,Adios Youtube... ahora soy Organizador de Libros 📚📚📚,JuegaGerman,4070,deporte_gaming,largo,chart_canal,1,youtube_auto,1,6.4,1,1.21,1,1,1,1,180.8,0.122,0.0,6.4,20.23,0.4978,0.456,0.502,4.06,33.52,3.8,0.0,0.0,2.94,0.16,9.38,2.53,5.14,0.537,0.98,0.0,0,0.33,0.0,0.73,0.33,6,1,0,1,391,0,5,0.4,0.001,1.34,7,0.103,0,0,0,0,0,muy_largo,sin_clasificar,perenne,declarativa,con_enlaces_externos,bloque_continuo,transcripcion_automatica,es,Gaming
470,4MJGYOnvZwk,Resident Evil 4  Remake Despues de 20 Años.. Por Que me Ataca Bubba y Cazadora!! Capitulo 2 Completo,Dein30,2806,deporte_gaming,largo,busqueda_semilla,1,youtube_auto,1,1151.0,0,0.16,0,1,1,0,24.6,0.682,0.181,,,0.6035,0.51,0.76,4.06,13.03,1.22,0.0,0.0,0.0,0.0,1.74,0.0,6.95,0.067,0.0,0.0,0,0.0,0.0,0.0,0.0,1,0,0,0,28,0,10,0.1,0.91,0.09,4,0.162,2,0,0,0,1,largo,explicativo,perenne,declarativa,solo_enlaces_propios,bloque_continuo,transcripcion_parcial,es,Gaming
468,pwwSUwL335s,MI PRIMERA VEZ JUGANDO ELDEN RING CON LA GANGA | WESTCOL,WestCOL,2889,deporte_gaming,largo,chart_canal,1,youtube_auto,1,5.1,1,0.89,1,1,1,1,132.8,0.319,0.021,5.1,20.95,0.4761,0.461,0.56,3.91,10.48,1.45,0.0,0.16,0.31,0.0,2.19,0.0,5.78,0.08,0.31,0.0,0,0.0,0.0,1.41,0.0,8,2,0,1,438,0,6,0.333,0.119,0.08,16,1.0,0,0,0,0,1,largo,sin_clasificar,perecedero,declarativa,con_enlaces_externos,bloque_continuo,transcripcion_automatica,es,Gaming
473,_b-lpaZRSgg,EL JUEGO DE DESEMPAQUETAR,Juja,1865,deporte_gaming,largo,busqueda_semilla,1,youtube_auto,1,,0,0.57,1,1,1,1,85.5,0.441,0.127,,,0.6042,0.431,0.75,4.04,9.4,1.81,1.5,0.0,0.38,1.13,11.28,1.5,4.14,0.431,0.0,0.0,0,0.0,0.0,0.38,0.0,5,1,0,1,292,0,2,0.5,0.153,0.11,3,1.0,0,0,0,0,1,largo,sin_clasificar,perenne,declarativa,con_enlaces_externos,bloque_continuo,transcripcion_automatica,es,Gaming
472,1PNl2YSCpcY,Finjo tener un NOVIO FALSO 😱 BROMA a Mi NOVIO en Roblox,Lovely Ela,3560,deporte_gaming,largo,chart_canal,1,youtube_auto,1,7.3,1,1.31,1,1,1,1,196.0,0.141,0.0,7.3,22.53,0.49,0.438,0.526,3.77,14.88,0.65,0.0,0.0,0.0,0.0,7.22,0.86,6.02,0.209,1.2,0.0,0,0.09,0.0,1.98,0.09,4,3,1,1,512,0,6,0.4,0.001,0.21,0,0.535,0,0,0,0,1,largo,sin_clasificar,perenne,declarativa,con_fuentes_verificables,bloque_continuo,transcripcion_automatica,es,Gaming
469,vZ-xHJcMjGI,VUELVO A JUGAR EN PC DESPUES DE MUCHO TIEMPO EN FREE FIRE PARA LLEGAR A GRAN MAESTRO !! - TheDonato,TheDonato,10755,deporte_gaming,largo,chart_canal,1,youtube_auto,1,5.8,1,0.74,1,1,1,1,110.7,0.344,0.056,5.8,20.77,0.5541,0.482,0.544,3.9,22.08,2.5,0.0,0.71,2.07,0.1,8.52,1.41,6.2,0.285,0.45,0.0,0,0.0,0.0,0.3,0.0,1,1,0,1,59,0,10,0.8,0.009,0.48,0,0.909,2,0,0,0,2,muy_largo,sin_clasificar,perenne,declarativa,con_enlaces_externos,bloque_continuo,transcripcion_automatica,es,Gaming
471,6gyDjLPwm9o,PRIMERA HORA DE JUEGO | PARTE #1 | PLANTS VS ZOMBIES,ChequioProGamer,3732,deporte_gaming,largo,busqueda_semilla,1,youtube_auto,1,3720.5,0,0.8,1,1,1,1,119.6,0.271,0.008,,,0.6081,0.484,0.552,4.24,15.72,2.35,0.0,0.13,0.27,0.0,10.89,0.54,6.45,0.15,1.61,0.0,0,0.13,0.13,1.48,0.27,2,0,0,0,2200,0,6,1.0,0.001,1.16,19,1.0,0,0,0,0,1,muy_largo,sin_clasificar,perecedero,declarativa,solo_enlaces_propios,bloque_continuo,transcripcion_automatica,es,Gaming
474,WsRdc-FMrwE,Tengo que DESTRUIR mi CASA 🧨🏡🔥!! (adiós 😭) - LEGO Fortnite #11 TEKENDO,TEKENDO GAMES,2216,deporte_gaming,largo,busqueda_semilla,1,youtube_auto,1,,0,0.93,1,1,1,1,139.7,0.228,0.0,,,0.5109,0.45,0.537,4.02,29.07,1.28,0.0,0.0,0.19,0.0,8.72,0.19,4.26,0.145,0.78,0.0,0,0.39,0.0,0.19,0.39,5,3,0,1,446,0,7,0.571,0.001,1.3,6,0.543,2,0,0,0,2,largo,sin_clasificar,perenne,declarativa,con_enlaces_externos,bloque_continuo,transcripcion_automatica,es,Gaming
477,fff6xiQhrT8,[ESP] [CONSOLA ][PC] [FS22]  TERRALAND #02 VAMOS A SEMBRAR OLIVOS PERO... ¿CONSEGUIREMOS EL 100%?,GabyMasaru,10764,deporte_gaming,largo,busqueda_semilla,1,youtube_auto,1,1450.9,0,0.49,1,1,1,1,72.8,0.687,0.248,,,0.5434,0.41,0.598,4.04,14.93,2.58,0.38,1.23,1.84,0.23,15.47,1.84,6.28,0.345,1.46,0.0,0,0.0,0.0,0.23,0.0,6,0,0,0,871,0,6,0.667,0.006,0.21,17,1.0,0,1,0,0,1,muy_largo,directo,perecedero,pregunta,solo_enlaces_propios,bloque_continuo,transcripcion_automatica,es,Gaming
479,oIJP9bgqYnQ,He CAMBIADO TODO EL EQUIPO  * Muchísimos fichajes nuevos * MODO CARRERA IMPOSIBLE 5,Spursito El Mejor,2499,deporte_gaming,largo,chart_canal,1,youtube_auto,1,11.2,1,1.32,1,1,1,1,198.6,0.181,0.012,11.2,8.7,0.5498,0.448,0.543,4.1,26.59,2.86,0.24,0.12,7.49,0.12,12.93,1.57,9.67,0.204,0.36,0.0,0,1.09,0.0,0.0,1.09,4,0,0,0,498,0,8,0.75,0.01,0.22,22,0.636,0,0,0,0,1,largo,sin_clasificar,perenne,declarativa,solo_enlaces_propios,bloque_continuo,transcripcion_automatica,es,Gaming
478,fMdlt_DS1ng,EL 4K MÁS RÁPIDO DEL OESTE | 4 POVS | Mixwell,mixwell,1809,deporte_gaming,largo,chart_canal,1,youtube_auto,1,4.7,1,0.55,1,1,1,1,82.2,0.425,0.098,4.7,11.7,0.5559,0.518,0.63,3.92,27.04,3.71,0.0,0.0,0.4,0.0,4.44,1.61,8.88,0.225,0.0,0.0,0,0.0,0.0,0.81,0.0,13,4,0,1,872,0,4,0.25,0.411,0.04,36,0.806,0,0,0,0,1,largo,resumen_evento,perecedero,declarativa,con_enlaces_externos,bloque_continuo,transcripcion_automatica,es,Gaming
486,7Wh_JjWk_oI,Entre en Golden Light y NO CREERAS lo que paso despues,Juanca morocho,7538,deporte_gaming,largo,busqueda_semilla,1,youtube_auto,1,,0,0.46,1,1,1,1,68.7,0.495,0.103,,,0.5278,0.456,0.596,3.85,14.01,1.48,0.23,0.0,0.35,0.12,3.71,0.23,5.56,0.12,1.04,0.0,0,0.12,0.0,0.69,0.12,0,0,0,0,392,0,5,0.8,0.008,0.22,18,0.273,0,0,0,0,0,muy_largo,directo,perenne,declarativa,sin_enlaces,bloque_continuo,transcripcion_automatica,es,Gaming
485,q6_rYJ_JF64,ARK NOVA - Cómo se juega - TUTORIAL - Juego de Mesa,unna,2395,deporte_gaming,largo,busqueda_semilla,1,youtube_auto,1,,0,1.22,1,1,1,1,183.3,0.108,0.0,,,0.5252,0.467,0.522,4.53,14.07,4.86,0.0,0.0,2.19,0.27,15.44,2.19,4.24,0.568,2.05,0.0,0,0.14,0.0,0.68,0.14,1,1,0,1,702,0,5,0.6,0.001,0.11,41,0.486,0,0,0,0,0,largo,lista_ranking,perenne,declarativa,con_enlaces_externos,bloque_continuo,transcripcion_automatica,es,Gaming
487,pm5PV_bY6E0,MODO HISTORIA Episodio.6 - EA FC 2025,ROBERT PG,5201,deporte_gaming,largo,chart_canal,1,youtube_auto,1,7.7,1,1.3,1,1,1,1,194.9,0.14,0.006,7.7,10.18,0.5669,0.486,0.552,4.14,17.46,2.47,0.06,0.24,4.5,0.0,4.03,0.47,6.04,0.148,0.95,0.0,0,0.24,0.0,0.06,0.24,3,1,0,1,227,0,4,0.5,0.406,0.02,9,0.708,0,0,0,0,1,muy_largo,conversacion_larga,perecedero,declarativa,con_enlaces_externos,bloque_continuo,transcripcion_automatica,es,Gaming
484,nSgdXqFpwEQ,The House of Dead Remake | Juego Completo en Español (Sub) | PC Ultra 4K 60FPS,RockDevil,2021,deporte_gaming,largo,busqueda_semilla,0,ninguna,0,,0,,0,1,1,0,,,,,,,,,,,,,,,,,,,,,1.48,1,,,,,2,0,0,0,1402,5,8,,,,6,0.268,0,0,0,0,0,largo,sin_clasificar,perenne,declarativa,solo_enlaces_propios,con_indice,sin_transcripcion,es,Gaming
490,I_etbzqfgzY,EN DIRECTO - ¿Qué va a pasar con Rodri? Q&A con David Bernabeu,SPORT,6897,deporte_gaming,largo,chart_canal,1,youtube_auto,1,17.5,1,1.07,1,1,1,1,159.9,0.393,0.096,17.5,11.97,0.5502,0.444,0.571,4.15,20.3,2.36,0.54,0.71,6.64,0.6,10.56,1.25,6.8,0.24,0.44,0.0,0,0.22,0.0,0.11,0.22,4,0,0,0,763,0,5,0.8,0.001,0.67,6,0.326,0,1,0,0,0,muy_largo,directo,perecedero,pregunta,solo_enlaces_propios,bloque_continuo,transcripcion_automatica,es,Sports
491,O-iAtaHoSVs,ORIBE PERALTA | del BARRIO a PROFESIONAL | LA ENTREVISTA con DAVID MEDRANO,David Medrano Oficial,3046,deporte_gaming,largo,busqueda_semilla,1,youtube_auto,1,,0,0.96,1,1,1,1,143.9,0.159,0.0,,,0.5512,0.427,0.588,4.17,11.91,1.51,1.37,0.0,2.74,0.0,14.51,1.64,6.43,0.309,0.41,0.0,0,0.0,0.0,0.14,0.0,5,0,0,0,913,0,7,0.857,0.02,0.27,25,0.883,0,0,0,0,1,largo,conversacion_larga,perecedero,declarativa,solo_enlaces_propios,bloque_continuo,transcripcion_automatica,es,Sports
492,x6pwjlpLz9U,Rec Room Juego Gratis - jugando cualquier juego de Rec Room con subs y hablando,{RXZ}monitofeliz,3780,deporte_gaming,largo,busqueda_semilla,1,youtube_auto,1,,0,0.1,0,1,1,0,15.0,0.922,0.246,,,0.5837,0.45,0.791,3.83,25.42,2.22,1.06,1.06,1.06,2.12,5.3,1.06,10.59,0.141,0.0,0.0,0,0.0,0.0,0.0,0.0,0,0,0,0,85,0,9,0.143,0.605,0.11,4,0.094,0,0,0,0,0,muy_largo,directo,perenne,declarativa,sin_enlaces,bloque_continuo,transcripcion_parcial,es,Gaming
436,S3_NPYbRtTk,Si mete el gol vamos a Champions League - 5 Equipos luchan por un cupo a Champions League FIFA 22,SergioGameplayer,1219,deporte_gaming,medio,busqueda_semilla,1,youtube_auto,1,,0,0.88,1,1,1,1,131.4,0.318,0.0,,,0.6178,0.517,0.668,4.41,14.24,2.36,0.0,0.0,8.24,0.0,6.74,1.12,8.99,0.171,2.25,0.0,0,0.0,0.0,0.37,0.0,4,1,0,1,256,0,9,0.571,0.022,0.67,0,0.135,0,0,0,0,0,medio,sin_clasificar,perenne,declarativa,con_enlaces_externos,bloque_continuo,transcripcion_automatica,es,Gaming
448,Xf6zWRK94LQ,PUEDO ACTIVAR el MODO SNAP con OTRO PERSONAJE ?? || YANDERE SIMULATOR BUGS #34,JasonMM,862,deporte_gaming,medio,busqueda_semilla,1,youtube_auto,1,7.3,1,1.58,1,1,1,1,236.9,0.175,0.034,7.3,17.04,0.5216,0.463,0.621,3.96,32.62,0.71,0.0,0.29,0.59,0.29,24.39,1.76,8.82,0.242,0.59,0.0,0,0.0,0.0,0.0,0.0,2,1,0,1,348,0,8,1.0,0.002,3.94,20,0.914,0,1,0,0,1,medio,sin_clasificar,perenne,pregunta,con_enlaces_externos,bloque_continuo,transcripcion_automatica,es,Gaming
458,LwO3Yofo2ww,TENGO QUE SALVARLA AUNQUE MI VIDA ESTÉ EN PELIGRO | SOBREVIVE AL ASESINO ROBLOX | CRYSTALSIMS,CrystalSims,949,deporte_gaming,medio,busqueda_semilla,1,youtube_auto,1,,0,0.92,1,1,1,1,137.4,0.233,0.031,,,0.5665,0.439,0.661,4.07,19.33,0.69,0.0,0.0,0.0,0.0,16.11,3.22,12.89,0.278,1.84,0.0,0,0.0,0.0,0.0,0.0,12,2,0,1,3109,7,9,0.667,0.015,0.97,25,1.0,0,0,0,0,1,medio,sin_clasificar,perenne,declarativa,con_enlaces_externos,timestamps_en_descripcion,transcripcion_automatica,es,Gaming
433,0LL6FTj32qU,😵 MI PRIMERA VEZ CON BERSERKER HÉROE EN CLASH ROYALE,BaleGG,1072,deporte_gaming,medio,chart_canal,1,youtube_auto,1,13.2,1,1.32,1,1,1,1,197.8,0.111,0.0,13.2,5.09,0.5842,0.477,0.595,4.53,13.02,1.33,0.0,0.0,3.4,0.0,6.23,3.96,2.26,1.616,0.0,0.0,0,0.85,0.0,0.0,0.85,5,3,0,1,540,0,5,1.0,0.005,2.15,38,1.0,0,0,0,0,1,medio,lista_ranking,perenne,declarativa,con_enlaces_externos,bloque_continuo,transcripcion_automatica,es,Gaming
453,yhKUtZrRIu0,Logitech Racing Adapter: una gran solución... a un problema que nunca debió existir,Heikki360ES,995,deporte_gaming,medio,busqueda_semilla,1,youtube_auto,1,,0,1.18,1,1,1,1,176.8,0.22,0.029,,,0.5351,0.43,0.612,4.2,17.05,2.35,0.0,0.68,2.73,0.0,9.21,2.39,4.77,0.548,2.05,4.22,1,0.34,0.0,0.0,0.34,29,26,0,1,2824,7,9,0.667,0.027,1.67,13,0.045,0,0,0,0,0,medio,sin_clasificar,perenne,declarativa,con_enlaces_externos,con_indice,transcripcion_automatica,es,Gaming
430,2Ti65fNL6G8,KAKUL SAYDON / PUERTA 1 / BERSERK lvl.1485 / CHUCLERS GUILD GAMEPLAY / by Chiessa,Charlie Baths™ (ESP),668,deporte_gaming,medio,busqueda_semilla,1,youtube_auto,1,,0,0.24,0,1,1,0,36.6,0.651,0.217,,,0.556,0.493,0.771,4.15,17.16,2.7,0.0,2.45,0.0,0.0,4.9,0.0,2.45,0.169,0.0,0.0,0,0.0,0.0,0.0,0.0,16,1,0,1,1808,0,9,0.111,0.931,0.25,22,0.807,0,0,0,0,1,medio,sin_clasificar,perenne,declarativa,con_enlaces_externos,bloque_continuo,transcripcion_parcial,es,Gaming
441,BN_SmWDlpPs,ME ENFRENTE a 1000 ZOMBIES en SOBREVIVE AL APOCALIPSIS en ROBLOX,Yuyo Chocomilk,1682,deporte_gaming,medio,chart_canal,1,youtube_auto,1,4.4,1,0.53,1,1,1,1,79.1,0.395,0.053,4.4,30.22,0.5291,0.524,0.62,4.18,9.02,2.98,0.0,0.0,0.9,0.0,4.06,2.26,5.86,0.434,0.0,0.0,0,0.0,0.0,8.12,0.0,9,2,0,1,779,0,6,0.5,0.004,1.17,15,0.9,0,0,0,0,1,medio,sin_clasificar,perenne,declarativa,con_enlaces_externos,bloque_continuo,transcripcion_automatica,es,Gaming
450,2wSdeI83g-c,Los 7 ERRORES de PRINCIPIANTE al comprar la Nintendo Switch 2  ❌️,Ray Bacon,961,deporte_gaming,medio,chart_canal,1,youtube_auto,1,14.3,1,1.39,1,1,1,1,208.0,0.202,0.03,14.3,13.81,0.5703,0.459,0.646,4.3,12.61,4.38,0.0,0.6,1.5,0.6,17.41,0.3,5.4,0.136,0.3,4.99,1,1.2,0.0,1.5,1.2,23,7,0,1,3087,18,5,0.8,0.004,3.66,13,0.449,0,0,0,0,0,medio,sin_clasificar,perenne,declarativa,con_enlaces_externos,con_indice,transcripcion_automatica,es,Gaming
439,pMIM4dmVIOI,Rutina Para Abdomen Bajo (11 Minutos) Vamos atacar los Abdominales Inferiores,Chuy Almada,785,deporte_gaming,medio,busqueda_semilla,1,youtube_auto,1,,0,0.53,1,1,1,1,79.3,0.528,0.074,,,0.5997,0.454,0.797,4.38,7.71,4.92,0.0,0.0,8.68,0.0,3.86,0.0,10.61,0.045,0.96,0.0,0,2.89,0.0,0.0,2.89,8,3,0,1,1377,0,7,0.714,0.091,1.25,25,0.127,0,0,0,0,0,medio,sin_clasificar,perenne,declarativa,con_enlaces_externos,bloque_continuo,transcripcion_automatica,es,Sports
437,TbLDJXiaV2s,Empezar en VALHEIM. Vamos a ver que tal hacemos el Vikingo.,ZoOnder Gaming,1742,deporte_gaming,medio,busqueda_semilla,1,youtube_auto,1,,0,1.1,1,1,1,1,165.4,0.233,0.034,,,0.5723,0.444,0.669,4.21,12.7,1.87,0.0,0.0,0.42,0.62,11.04,1.25,3.75,0.412,2.71,0.0,0,0.21,0.0,0.42,0.21,2,1,0,1,616,0,4,0.75,0.024,0.25,34,0.213,0,0,0,0,0,medio,sin_clasificar,perenne,declarativa,con_enlaces_externos,bloque_continuo,transcripcion_automatica,es,Gaming
451,ShbqalOPzGM,DUO VS. SQUAD MIENTRAS LOS PIBES JUEGAN UN FIFA Y NAME QUIEN SABE QUE HARÁ,The Profe FF,904,deporte_gaming,medio,busqueda_semilla,1,youtube_auto,1,,0,0.24,0,1,1,0,36.0,0.526,0.161,,,0.6271,0.452,0.866,4.03,5.54,3.87,0.0,0.0,1.85,0.0,9.23,1.85,3.69,0.561,0.0,0.0,0,0.0,0.0,0.0,0.0,3,1,0,1,263,0,8,0.125,0.537,0.18,0,1.0,0,0,0,0,1,medio,sin_clasificar,perecedero,declarativa,con_enlaces_externos,bloque_continuo,transcripcion_parcial,es,Gaming
459,5zJnXbtS4HA,ASI SORPRENDI A DEJAVU CON ESTOS TIROS DEL AWM 😱🔥 FREE FIRE,NEK7,1444,deporte_gaming,medio,chart_canal,1,youtube_auto,1,4.8,1,0.56,1,1,1,1,84.0,0.434,0.041,4.8,11.38,0.5124,0.506,0.607,3.91,11.38,2.62,0.0,0.0,0.0,0.0,2.47,0.49,2.47,0.333,0.0,0.0,0,0.0,0.0,0.0,0.0,7,2,0,1,331,0,5,0.0,,,0,1.0,0,0,0,0,1,medio,sin_clasificar,perenne,declarativa,con_enlaces_externos,bloque_continuo,transcripcion_automatica,es,Gaming
427,Nyq0zDsr-X0,ÚLTIMA HORA GASLY RENUEVA CON ETORO PERO LA PRIORIDAD ES FRANCO COLAPINTO AHORA PARA BRIATORE ALPINE,Sportmaniaticos.com,997,deporte_gaming,medio,chart_canal,1,youtube_auto,1,18.0,1,1.24,1,1,1,1,186.2,0.24,0.029,18.0,10.67,0.5853,0.459,0.659,4.41,17.78,1.94,2.26,0.0,0.97,1.94,10.02,0.32,10.34,0.076,0.65,0.0,0,0.32,0.32,0.0,0.65,12,6,0,1,3591,0,11,0.909,0.004,2.26,29,1.0,0,0,0,0,1,medio,explicativo,perecedero,declarativa,con_enlaces_externos,bloque_continuo,transcripcion_automatica,es,Sports
428,T0lHhu0skJ4,Tampa Bay Buccaneers vs. San Francisco 49ers | Semana 11 NFL 2023 | NFL Highlights Resumen en españo,Mundo NFL,686,deporte_gaming,medio,busqueda_semilla,1,youtube_auto,1,,0,0.64,1,1,1,1,95.3,0.301,0.043,,,0.6103,0.502,0.695,4.14,5.5,4.77,0.0,0.0,4.59,0.0,1.83,0.0,1.83,0.215,0.92,0.0,0,0.0,0.0,0.0,0.0,11,1,0,1,1775,0,9,0.333,0.075,0.92,27,0.194,0,0,0,0,0,medio,resumen_evento,perecedero,declarativa,con_enlaces_externos,bloque_continuo,transcripcion_automatica,es,Sports
429,T17M2JQkk7A,El Turbio y Extraño Mundo de la NINTENDO VENEZOLANA,Facu Peralta,1083,deporte_gaming,medio,chart_canal,1,youtube_auto,1,24.9,1,1.26,1,1,1,1,189.1,0.197,0.027,24.9,1.76,0.6088,0.477,0.68,4.63,12.6,1.88,1.76,0.29,5.86,0.0,20.8,0.59,9.67,0.107,0.29,0.0,0,0.29,0.0,0.59,0.29,4,1,0,1,255,0,5,0.6,0.001,2.05,0,0.512,0,0,0,0,1,medio,sin_clasificar,perenne,declarativa,con_enlaces_externos,bloque_continuo,transcripcion_automatica,es,Gaming
438,7SMdNzDKIC4,Un HACKER muy OBVIO me roba un RAIDEO - Rust,Volcano,1047,deporte_gaming,medio,busqueda_semilla,1,youtube_auto,1,,0,0.33,0,1,1,0,49.5,1.039,0.343,,,0.6075,0.48,0.728,3.88,19.68,2.55,1.16,0.0,2.31,0.0,2.31,1.16,5.79,0.264,0.0,0.0,0,0.0,0.0,1.16,0.0,7,1,0,1,769,0,5,0.0,,,36,0.559,0,0,0,0,1,medio,sin_clasificar,perecedero,declarativa,con_enlaces_externos,bloque_continuo,transcripcion_parcial,es,Gaming
432,sTVw4vX9ugk,"Me Hice Pasar por NOOB, después COMPRÉ EL PICO MÁS CHETADO en Roblox!",Dagar Roblox,941,deporte_gaming,medio,chart_canal,1,youtube_auto,1,6.5,1,1.39,1,1,1,1,208.8,0.125,0.031,6.5,12.83,0.541,0.509,0.519,4.28,8.25,1.77,1.53,0.0,1.53,0.0,11.61,2.14,12.52,0.203,0.0,0.0,0,0.61,0.0,20.16,0.61,0,0,0,0,205,0,8,0.875,0.001,2.75,5,0.545,1,0,0,0,2,medio,sin_clasificar,perenne,declarativa,sin_enlaces,bloque_continuo,transcripcion_automatica,es,Gaming
435,Yq8aZg_WLAE,MECCHA CHAMELEON CON IBAI (y otra gente),AGUSTIN51 WORLD,1588,deporte_gaming,medio,chart_canal,1,youtube_auto,1,5.5,1,1.14,1,1,1,1,171.1,0.156,0.0,5.5,32.02,0.5033,0.468,0.6,3.81,28.71,1.83,0.22,0.22,7.07,0.44,3.75,0.22,4.2,0.153,0.0,0.0,0,0.0,0.0,0.88,0.0,1,0,0,0,391,0,4,0.5,0.127,0.15,17,0.688,0,0,0,0,1,medio,sin_clasificar,perenne,declarativa,solo_enlaces_propios,bloque_continuo,transcripcion_automatica,es,Gaming
434,ug_xHfzPNgo,EL MEJOR TANQUE DEL JUEGO! - KING ATUM (LV 100) COMBATES PVP - Monster Legends,iMigbo,1124,deporte_gaming,medio,busqueda_semilla,1,youtube_auto,1,1297.7,0,1.39,1,1,1,1,207.8,0.218,0.026,,,0.5822,0.428,0.639,4.03,21.58,2.67,0.0,3.85,0.0,0.26,20.81,4.88,4.88,1.0,3.6,0.0,0,0.26,0.0,0.0,0.26,4,0,0,0,167,0,8,0.625,0.024,0.44,9,0.786,1,0,1,0,3,medio,sin_clasificar,perenne,declarativa,solo_enlaces_propios,bloque_continuo,transcripcion_automatica,es,Gaming
431,CVUVmqdUsq8,TERRARIA TODA LA HISTORIA ¿CUAL ES SU HISTORIA? - LORE OFICIAL DE TERRARIA,MAKE,1151,deporte_gaming,medio,busqueda_semilla,1,youtube_auto,1,3109.0,0,1.08,1,1,1,1,162.1,0.178,0.026,,,0.5756,0.442,0.703,4.45,13.51,1.77,0.0,0.0,1.29,0.32,10.29,1.93,6.43,0.351,0.64,0.0,0,0.32,0.0,0.32,0.32,6,1,0,1,510,0,7,0.4,0.014,0.29,22,1.0,0,1,0,0,1,medio,resumen_evento,perenne,pregunta,con_enlaces_externos,bloque_continuo,transcripcion_automatica,es,Gaming
444,xbQFc16wnWc,Buscando el juego de Backrooms definitivo,BaityPlays,1607,deporte_gaming,medio,chart_canal,1,youtube_auto,1,8.4,1,0.52,1,1,1,1,77.7,0.656,0.148,8.4,23.05,0.5258,0.403,0.682,3.75,24.02,1.34,0.0,1.44,0.0,0.0,11.05,0.96,9.13,0.152,0.0,0.0,0,0.0,0.0,0.0,0.0,4,4,0,1,295,0,4,0.5,0.002,0.72,12,0.056,0,0,0,0,0,medio,sin_clasificar,perenne,declarativa,con_enlaces_externos,bloque_continuo,transcripcion_automatica,es,Gaming
445,qvyWgHzsAvw,JUGANDO ESTE JUEGO DESPUES DE TIEMPO!! - Zombie Stories,EL pou enigma,611,deporte_gaming,medio,busqueda_semilla,1,youtube_auto,1,,0,0.53,1,1,1,1,79.7,0.501,0.238,,,0.5708,0.486,0.745,4.05,38.18,2.09,0.0,1.23,0.0,1.23,11.08,2.46,7.39,0.375,0.0,0.0,0,0.0,0.0,0.0,0.0,3,0,0,0,346,0,6,0.667,0.015,1.23,0,0.75,2,0,0,0,2,medio,sin_clasificar,perenne,declarativa,solo_enlaces_propios,bloque_continuo,transcripcion_automatica,es,Gaming
440,Yiwg9kDjU2w,¡El acuerdo SORPRESA que cerró Boca! ► La nueva CLAUSULA TOP de Gorosito! ► Llega ALVARO MONTERO!,MundoBocaTV,650,deporte_gaming,medio,chart_canal,1,youtube_auto,1,22.3,1,1.21,1,1,1,1,181.4,0.184,0.045,22.3,1.02,0.6112,0.487,0.688,4.65,3.56,2.85,0.51,0.0,8.65,1.02,10.18,0.0,4.58,0.098,0.51,0.0,0,1.02,0.0,0.51,1.02,0,0,0,0,689,0,10,0.6,0.046,2.75,2,0.493,4,0,0,0,1,medio,lista_ranking,perenne,declarativa,sin_enlaces,bloque_continuo,transcripcion_automatica,es,Sports
442,Pcq_8Oqsm0c,😱 FALTAN 16 DÍAS Y SÓLO TENEMOS 12 JUGADORES INSCRITOS 😱,Guijarro en clave Blaugrana,824,deporte_gaming,medio,chart_canal,1,youtube_auto,1,16.7,1,0.7,1,1,1,1,105.7,0.249,0.0,16.7,6.2,0.5908,0.481,0.686,4.62,9.64,2.69,0.0,0.0,5.51,2.07,6.2,0.69,11.02,0.103,2.07,0.0,0,0.69,0.0,0.0,0.69,2,0,0,0,430,0,6,1.0,0.038,2.27,19,1.0,0,0,0,0,1,medio,opinion_review,perecedero,declarativa,solo_enlaces_propios,bloque_continuo,transcripcion_automatica,es,Sports
443,SxI6beXxUbk,"La Vida De Un Pescador  , Pesca Y Cocina En El Salvador #documental #historia",Pesca Cocina y Mas,1108,deporte_gaming,medio,busqueda_semilla,1,youtube_auto,1,,0,0.53,1,1,1,1,79.0,0.624,0.243,,,0.5658,0.418,0.699,4.08,18.52,4.05,0.0,0.0,9.6,0.0,13.72,2.06,10.29,0.237,2.06,0.0,0,0.0,0.0,0.0,0.0,0,0,0,0,74,0,7,0.429,0.084,0.96,0,0.183,0,0,0,0,0,medio,sin_clasificar,perenne,declarativa,sin_enlaces,bloque_continuo,transcripcion_automatica,es,Sports
446,s__MrwVm0F4,Kojima ESTO que ES Death Stranding 2 EXCLUSIVO de Playstation ESTARIA en CAMINO nuevas INFORMACIONES,GameFox,891,deporte_gaming,medio,busqueda_semilla,1,youtube_auto,1,,0,1.11,1,1,1,1,166.4,0.156,0.0,,,0.5454,0.452,0.682,4.51,25.5,1.7,0.4,0.4,1.62,2.02,12.95,3.64,4.05,0.91,0.0,0.0,0,1.21,0.0,0.4,1.21,6,1,0,1,679,0,9,0.778,0.009,1.42,45,0.529,0,0,0,0,1,medio,directo,perecedero,declarativa,con_enlaces_externos,bloque_continuo,transcripcion_automatica,es,Gaming
449,kDr-D_CEUac,Elden Ring: 6 Secretos sin respuesta (todavía),Pinopinisimo,845,deporte_gaming,medio,busqueda_semilla,1,youtube_auto,1,,0,1.16,1,1,1,1,174.7,0.221,0.034,,,0.5925,0.452,0.72,4.33,9.76,0.77,0.0,0.41,1.22,0.0,14.23,2.03,8.54,0.28,0.41,4.97,1,0.41,0.0,0.0,0.41,6,0,0,0,1022,7,5,0.6,0.007,0.33,25,0.083,0,0,0,0,0,medio,sin_clasificar,perenne,declarativa,solo_enlaces_propios,con_indice,transcripcion_automatica,es,Gaming
447,h5ifrskkTXw,Sobrevivimos a las ESCALERAS ELEMENTALES en Minecraft!,Nacho,1232,deporte_gaming,medio,chart_canal,1,youtube_auto,1,5.2,1,1.3,1,1,1,1,194.4,0.191,0.024,5.2,23.8,0.5597,0.467,0.593,4.17,10.27,0.95,0.0,0.0,0.0,0.0,2.51,2.25,12.02,0.22,0.5,0.0,0,0.75,0.0,4.26,0.75,1,1,0,1,424,0,4,0.75,0.001,0.55,27,0.468,1,0,0,0,1,medio,sin_clasificar,perenne,declarativa,con_enlaces_externos,bloque_continuo,transcripcion_automatica,es,Gaming
452,EuI55L8122I,FALSITY DESTRUYE A VERITY EN MI MUNDO DE MINECRAFT,FubiaCraft,692,deporte_gaming,medio,chart_canal,1,youtube_auto,1,6.4,1,0.97,1,1,1,1,145.1,0.307,0.042,6.4,17.92,0.5387,0.47,0.638,4.15,12.54,1.49,0.0,0.0,0.0,0.0,8.96,1.19,5.38,0.287,1.79,0.0,0,0.6,0.0,0.0,0.6,3,1,0,1,298,0,5,0.4,0.008,3.52,30,1.0,0,0,0,0,1,medio,sin_clasificar,perenne,declarativa,con_enlaces_externos,bloque_continuo,transcripcion_automatica,es,Gaming
457,nHuyQSqgNRg,¿El RAY TRACING ha sido una ESTAFA? La REALIDAD 8 años después,Rincón de Varo - Hardware & PC Gaming,882,deporte_gaming,medio,chart_canal,1,youtube_auto,1,19.2,1,1.12,1,1,1,1,168.2,0.162,0.033,19.2,10.11,0.6032,0.465,0.695,4.51,7.28,3.19,4.85,2.02,3.64,0.81,12.54,0.4,2.43,0.307,0.81,2.72,1,0.4,0.81,0.0,1.21,9,9,0,1,842,4,6,1.0,0.034,0.57,34,0.542,0,1,0,0,1,medio,explicativo,perecedero,pregunta,con_enlaces_externos,con_indice,transcripcion_automatica,es,Gaming
455,oZPAtOckzI0,¿Juegas WoW solo? Este es tu momento,El Diario de Karlana,888,deporte_gaming,medio,busqueda_semilla,1,youtube_auto,1,18.4,1,1.39,1,1,1,1,208.4,0.166,0.033,18.4,1.62,0.6446,0.499,0.655,4.6,6.16,2.24,4.21,0.0,6.16,0.32,10.05,1.3,11.99,0.144,0.65,0.0,0,0.0,0.0,0.32,0.0,4,0,0,0,722,0,3,0.667,0.004,0.52,18,0.143,0,1,0,0,0,medio,sin_clasificar,perecedero,pregunta,solo_enlaces_propios,bloque_continuo,transcripcion_automatica,es,Gaming
454,6QLIZ_Zdy5U,BRAWL TALK con *NUEVO BRAWLER BEBE* Y NUEVOS PODERES en BRAWL STARS,GoDeiK,1192,deporte_gaming,medio,chart_canal,1,youtube_auto,1,11.0,1,0.85,1,1,1,1,127.7,0.525,0.05,11.0,22.86,0.5926,0.461,0.667,4.02,28.38,1.77,0.0,1.18,0.79,0.39,9.46,0.79,4.73,0.247,0.79,0.0,0,1.58,0.0,0.0,1.58,7,2,0,1,897,0,9,0.875,0.029,1.26,14,0.907,0,0,0,0,1,medio,sin_clasificar,perenne,declarativa,con_enlaces_externos,bloque_continuo,transcripcion_automatica,es,Gaming
456,vDy0o0pqXrU,Este MOD CONVIERTE tu GTA San Andreas en un JUEGO de Spider-Man!,Themastersfly24,691,deporte_gaming,medio,busqueda_semilla,1,youtube_auto,1,1909.0,0,1.11,1,1,1,1,165.8,0.267,0.083,,,0.634,0.465,0.783,4.54,18.86,1.2,0.0,0.52,1.05,0.0,9.43,0.0,6.29,0.074,1.05,0.0,0,2.1,0.0,0.52,2.1,9,2,0,1,3586,0,4,0.75,0.048,0.68,15,0.49,1,0,0,0,1,medio,sin_clasificar,perecedero,declarativa,con_enlaces_externos,bloque_continuo,transcripcion_automatica,es,Gaming
318,8d0oLaXlgFM,entonces quien fue ??? #akchoche #uber #motovlog #humor #edomex #vento #insta360,AkChoChe,123,entretenimiento,corto,chart_canal,1,youtube_auto,1,7.5,1,1.24,1,1,0,1,185.4,0.47,0.2,7.5,34.21,0.4738,0.397,0.737,3.82,34.21,1.32,0.0,0.0,0.0,0.0,2.63,0.0,7.89,0.06,0.0,0.0,0,0.0,0.0,0.0,0.0,0,0,0,0,0,0,7,0.143,0.016,1.05,0,0.0,0,1,0,0,0,corto,sin_clasificar,perenne,pregunta,sin_enlaces,bloque_continuo,transcripcion_automatica,es,Entertainment
327,CC5V4p52ljY,Rcousing ❌ Los Negros Estan Haciendo Billete (Video Oficial),Rcousing,131,entretenimiento,corto,busqueda_semilla,1,youtube_auto,1,4.9,1,0.87,1,1,1,1,130.1,0.469,0.2,4.9,17.61,0.4425,0.592,0.711,4.57,0.0,0.35,0.0,0.0,3.52,0.0,17.61,0.0,0.0,1.0,0.0,0.0,0,0.0,0.0,0.0,0.0,27,5,0,1,2763,0,7,0.571,0.032,17.61,0,0.163,0,0,0,0,0,corto,sin_clasificar,perenne,declarativa,con_enlaces_externos,bloque_continuo,transcripcion_automatica,es,Music
295,UygAOMyPUWs,"Si Tienes Un Hijo, Tienes Un Problema",El Harén Del Sultán,211,entretenimiento,corto,busqueda_semilla,1,youtube_auto,1,,0,0.31,0,1,1,0,46.9,0.747,0.25,,,0.6727,0.485,0.868,4.31,6.06,0.61,0.0,0.0,0.0,0.0,0.0,0.0,0.0,1.0,0.0,0.0,0,0.0,0.0,0.0,0.0,2,0,0,0,2552,0,4,0.333,0.315,0.61,22,0.233,0,0,0,0,0,corto,sin_clasificar,perenne,declarativa,solo_enlaces_propios,bloque_continuo,transcripcion_parcial,es,Entertainment
307,ShLbqbi0Sco,Son de Barrio - La Negra Carolina (AUDIO),Son de Barrio OFICIAL,190,entretenimiento,corto,busqueda_semilla,1,youtube_auto,1,,0,0.22,0,1,1,0,33.5,0.603,0.286,,,0.434,0.509,0.667,4.79,0.0,0.0,0.0,0.0,0.0,0.0,56.6,0.0,0.0,1.0,0.0,0.0,0,0.0,0.0,0.0,0.0,0,0,0,0,65,0,4,0.75,0.047,7.55,8,0.323,0,0,0,0,0,corto,directo,perecedero,declarativa,sin_enlaces,bloque_continuo,transcripcion_parcial,es,Music
304,pfmESmc8ZZE,El Gran Combo-No hay Cama pa' Tanta Gente,Eduardo Alberca,268,entretenimiento,corto,busqueda_semilla,1,youtube_auto,1,,0,0.37,0,1,1,0,56.2,0.393,0.111,,,0.6675,0.498,0.947,4.3,0.0,0.8,0.0,0.0,0.0,0.0,7.97,0.0,3.98,0.112,0.0,0.0,0,0.0,0.0,0.0,0.0,0,0,0,0,8,0,5,0.6,0.175,4.78,0,0.219,0,0,0,0,0,corto,sin_clasificar,perenne,declarativa,sin_enlaces,bloque_continuo,transcripcion_parcial,es,Music
315,RWyU2Xwm8vM,"Reik, Farruko, Camilo - Si Me Dices Que Sí (Letra)",Alligator Lyrics,212,entretenimiento,corto,chart_canal,1,youtube_auto,1,10.9,1,0.72,1,1,1,1,107.8,0.443,0.125,10.9,7.87,0.4138,0.383,0.653,3.54,0.0,0.52,0.0,0.0,0.0,0.0,2.62,0.0,5.25,0.087,0.0,0.0,0,0.0,0.0,0.0,0.0,4,0,0,0,3690,0,5,0.2,0.252,2.1,0,0.25,0,0,0,0,0,corto,sin_clasificar,perenne,declarativa,solo_enlaces_propios,bloque_continuo,transcripcion_automatica,es,Music
325,4GGokCHfgiY,POR LA MANANA YO DIRIGO MI ALABANZA KARAOKE,Ministerio Apostolico Nuevo Pacto,272,entretenimiento,corto,busqueda_semilla,1,youtube_auto,1,,0,0.02,0,1,1,0,3.1,0.881,0.3,,,0.2143,1.0,0.0,7.86,0.0,0.0,0.0,0.0,0.0,0.0,0.0,0.0,0.0,1.0,0.0,0.0,0,0.0,0.0,0.0,0.0,0,0,0,0,43,0,4,0.0,,,0,1.0,0,0,0,0,1,corto,sin_clasificar,perenne,declarativa,sin_enlaces,bloque_continuo,transcripcion_parcial,en,Entertainment
316,biMtls4uo4c,LUCHO SSJ FT KHEA & CYRIL KAMER - Siempre Hay Más,Lucho SSJ,204,entretenimiento,corto,busqueda_semilla,1,youtube_manual,0,35.9,1,1.06,1,1,1,1,158.5,0.309,0.0,35.9,11.13,0.5707,0.469,0.769,3.88,5.57,2.23,0.0,0.0,0.0,0.0,7.42,0.0,18.55,0.026,0.0,0.0,0,0.0,0.0,0.0,0.0,2,0,0,0,217,0,5,1.0,0.078,2.41,8,0.73,0,0,0,0,1,corto,sin_clasificar,perenne,declarativa,solo_enlaces_propios,bloque_continuo,transcripcion_humana,es,Music
309,0QmtWXE1GSw,Despues De Tanto - Napoleon,Karaoke Maestro,208,entretenimiento,corto,busqueda_semilla,1,youtube_auto,1,,0,0.0,0,1,1,0,0.6,1.233,0.571,,,1.0,1.0,1.0,2.0,0.0,0.0,0.0,0.0,0.0,0.0,0.0,0.0,0.0,1.0,0.0,0.0,0,0.0,0.0,0.0,0.0,2,2,0,1,533,0,3,0.0,,,0,0.182,0,0,0,0,0,corto,sin_clasificar,perenne,declarativa,con_enlaces_externos,bloque_continuo,transcripcion_parcial,en,Music
306,-wzf38mKDJA,La dura historia de vida de La Joaqui - PH Podemos Hablar,Telefe,418,entretenimiento,corto,busqueda_semilla,1,youtube_auto,1,,0,1.16,1,1,1,1,173.3,0.173,0.0,,,0.55,0.421,0.755,3.9,17.4,0.99,0.0,0.0,0.83,0.0,17.4,1.66,5.8,0.343,0.0,0.0,0,0.0,0.0,2.49,0.0,6,0,0,0,904,0,6,0.5,0.01,0.66,5,0.156,0,0,0,0,0,corto,sin_clasificar,perenne,declarativa,solo_enlaces_propios,bloque_continuo,transcripcion_automatica,es,Entertainment
323,jsvE6alqvrs,PASTOR MOISES BELL ACLARA SITUACIÓN DEL PERRO BLANCO | Pastor Moises Bell,Pastor Moises Bell Oficial,393,entretenimiento,corto,busqueda_semilla,1,youtube_auto,1,,0,0.94,1,1,1,1,141.1,0.307,0.071,,,0.5527,0.461,0.693,4.34,5.41,1.19,0.0,0.0,1.08,0.0,6.49,2.16,14.07,0.183,0.0,0.0,0,0.0,0.0,0.0,0.0,6,1,0,1,649,0,10,0.714,0.041,1.19,17,0.787,0,0,0,0,1,corto,sin_clasificar,perenne,declarativa,con_enlaces_externos,bloque_continuo,transcripcion_automatica,es,Music
300,Eb7FLNgaQhU,Vamos A Darle Con Todo - Los Inquietos del Norte REACCIÓN,PERCY REACCIONES || ELMASALARAKO,180,entretenimiento,corto,busqueda_semilla,1,youtube_auto,1,8.0,1,0.62,1,1,1,1,93.0,0.162,0.0,8.0,10.75,0.485,0.48,0.646,4.29,3.58,0.0,0.0,0.0,0.0,0.0,14.34,0.0,10.75,0.044,0.0,0.0,0,0.0,0.0,0.0,0.0,7,2,0,1,579,0,4,1.0,0.061,3.94,0,0.348,0,0,0,0,0,corto,opinion_review,perenne,declarativa,con_enlaces_externos,bloque_continuo,transcripcion_automatica,es,Music
317,lp47MKk-aHw,HA LLEGADO EL FINAL - LA MISMA GENTE.,Salsa Romántica y Sensual,344,entretenimiento,corto,busqueda_semilla,1,youtube_auto,1,,0,0.3,0,1,1,0,45.2,0.641,0.25,,,0.4125,0.525,0.554,3.95,3.86,0.39,0.0,0.0,0.0,0.0,3.86,15.44,0.0,31.88,0.0,6.98,1,0.0,0.0,0.0,0.0,0,0,0,0,1747,0,4,0.5,0.208,8.11,0,1.0,0,0,0,0,1,corto,sin_clasificar,perecedero,declarativa,sin_enlaces,con_indice,transcripcion_parcial,es,Music
308,kAu1orihcbw,Día De Cambio - KARMA #BleghLabel,Blegh! Label,213,entretenimiento,corto,busqueda_semilla,1,youtube_auto,1,,0,0.03,0,1,1,0,5.1,0.512,0.125,,,0.8333,0.889,0.857,3.44,0.0,0.0,0.0,0.0,0.0,0.0,0.0,0.0,0.0,1.0,0.0,0.0,0,0.0,0.0,0.0,0.0,7,2,0,1,939,0,3,0.0,,,25,0.385,0,0,0,0,0,corto,sin_clasificar,perenne,declarativa,con_enlaces_externos,bloque_continuo,transcripcion_parcial,en,Music
299,GO-rr4zW2zg,Ligar en el Colegio: ANTES vs. AHORA | enchufetv,enchufetv,246,entretenimiento,corto,busqueda_semilla,1,youtube_auto,1,8.0,1,0.76,1,1,1,1,113.7,0.36,0.111,8.0,10.73,0.5775,0.485,0.832,4.03,4.29,0.86,2.15,0.0,2.15,0.0,4.29,0.0,2.15,0.189,0.0,0.0,0,2.15,0.0,0.0,2.15,5,1,0,1,1882,0,4,0.0,,,23,0.324,0,0,0,0,0,corto,directo,perecedero,declarativa,con_enlaces_externos,bloque_continuo,transcripcion_automatica,es,Comedy
298,eiFPd3fPhQ0,Regalos al alma 💫 - Claro que es necesario que aprendamos a querernos,Florencia Restrepo Erlich,226,entretenimiento,corto,busqueda_semilla,1,youtube_auto,1,,0,0.93,1,1,1,1,139.9,0.23,0.0,,,0.5157,0.436,0.585,4.11,1.9,0.57,0.0,0.0,0.0,0.0,13.28,0.0,15.18,0.032,0.0,0.0,0,0.0,0.0,0.0,0.0,0,0,0,0,193,0,6,0.833,0.0,1.52,0,0.036,0,0,0,0,0,corto,sin_clasificar,perenne,declarativa,sin_enlaces,bloque_continuo,transcripcion_automatica,es,Entertainment
319,kVl-vE4dSEU,"Aunque No Quieran - Mc KarryWs Ft Li M ""JOKER HEART 🤡"" #RFLDG",Rf MusicTV,210,entretenimiento,corto,busqueda_semilla,1,youtube_auto,1,,0,0.67,1,1,1,1,101.1,0.539,0.143,,,0.455,0.407,0.778,4.19,2.82,0.0,0.0,0.0,0.0,0.0,28.25,0.0,2.82,0.151,0.0,0.0,0,0.0,0.0,0.0,0.0,2,0,0,0,321,0,6,0.333,0.042,3.39,0,0.545,0,0,0,0,1,corto,sin_clasificar,perenne,declarativa,solo_enlaces_propios,bloque_continuo,transcripcion_automatica,es,Music
320,O3YKcgE2Ahw,Sonora Skandalo   No Te Vayas Nunca,Sonora Skandalo,243,entretenimiento,corto,busqueda_semilla,1,youtube_auto,1,,0,0.38,0,1,1,0,57.3,0.55,0.222,,,0.375,0.418,0.635,3.79,4.31,3.02,0.0,0.0,0.0,0.0,0.0,0.0,51.72,0.01,0.0,0.0,0,0.0,0.0,47.41,0.0,4,1,0,1,200,0,4,0.75,0.009,9.91,7,0.214,0,0,0,0,0,corto,sin_clasificar,perenne,declarativa,con_enlaces_externos,bloque_continuo,transcripcion_parcial,es,Music
321,6-0A4WELAIE,🟠 [REGGAETON] Lennis Rodriguez X Omar Montes X Chus Santana - Aunque No Te Pueda Ver,La Hacienda Music,218,entretenimiento,corto,busqueda_semilla,1,youtube_auto,1,,0,0.57,1,1,1,1,86.1,0.528,0.125,,,0.5617,0.396,0.792,3.95,6.39,1.6,0.0,6.39,0.0,0.0,6.39,0.0,3.19,0.136,0.0,0.0,0,0.0,0.0,0.0,0.0,4,4,0,1,3862,0,9,0.111,0.607,0.32,0,0.338,0,0,0,0,0,corto,sin_clasificar,perenne,declarativa,con_enlaces_externos,bloque_continuo,transcripcion_automatica,es,Music
322,pSDQw9OEmj0,ICEBERG DE HUMILLACIONES DE: GENTE QUE SE HUMILLA SOLA,TG Winter,523,entretenimiento,corto,busqueda_semilla,1,youtube_auto,1,,0,0.96,1,1,1,1,143.3,0.247,0.056,,,0.5598,0.433,0.752,4.11,32.03,1.04,0.0,0.0,2.4,0.8,20.02,1.6,8.81,0.226,0.8,0.0,0,0.8,0.0,0.0,0.8,0,0,0,0,174,0,5,1.0,0.002,1.2,11,1.0,0,0,0,0,1,corto,sin_clasificar,perenne,declarativa,sin_enlaces,bloque_continuo,transcripcion_automatica,es,Entertainment
297,bTzX5YqZ6zM,Hablamos en español con Emily Blunt y Colman Domingo,Ivan Hachez,262,entretenimiento,corto,chart_canal,1,youtube_auto,1,9.9,1,1.29,1,1,1,1,193.1,0.225,0.0,9.9,14.23,0.59,0.97,0.688,4.41,1.19,0.95,0.0,0.0,2.37,0.0,0.0,0.0,0.0,1.0,0.0,0.0,0,0.0,0.0,0.0,0.0,5,1,0,1,218,0,6,0.667,0.0,0.71,6,0.114,0,0,0,0,0,corto,sin_clasificar,perenne,declarativa,con_enlaces_externos,bloque_continuo,transcripcion_automatica,en,Film & Animation
296,KX20TtpC8G0,🎭 ¿Cuánto Sabes del Chavo del 8? 🤔 | ¡Reto Quiz con Sopa de Letras!,Mas Trivia Quiz,575,entretenimiento,corto,busqueda_semilla,1,youtube_auto,1,,0,0.45,1,1,1,1,68.1,0.387,0.05,,,0.544,0.502,0.712,4.31,3.06,5.82,1.53,0.0,6.13,0.0,0.0,3.06,4.59,0.699,0.0,0.0,0,9.19,0.0,0.0,9.19,2,0,0,0,2359,0,7,0.857,0.006,3.83,24,0.156,2,1,0,0,1,corto,sin_clasificar,perenne,pregunta,solo_enlaces_propios,bloque_continuo,transcripcion_automatica,es,Entertainment
302,4X0JZh1Cxvg,"Mi padrastro apostó mi futuro porque yo no era su familia real. Entonces, le mostré lo que eso....",ArniChica,169,entretenimiento,corto,busqueda_semilla,1,youtube_auto,1,20.5,1,1.69,0,1,1,0,254.2,0.178,0.0,20.5,0.0,0.6486,0.527,0.829,4.71,0.0,2.93,0.0,0.0,8.38,0.0,8.38,1.4,1.4,1.0,0.0,0.0,0,0.0,0.0,0.0,0.0,0,0,0,0,365,0,6,1.0,0.001,1.26,0,0.027,0,0,0,0,0,corto,sin_clasificar,perenne,declarativa,sin_enlaces,bloque_continuo,transcripcion_parcial,es,Entertainment
301,tLb1I1DCqjg,¿Hacen las paces? Coco Carreño abrió la puerta para una reconciliación con Maru Botana,eltrece,196,entretenimiento,corto,chart_canal,1,youtube_auto,1,8.3,1,1.21,1,1,1,1,181.2,0.226,0.0,8.3,16.89,0.5713,0.443,0.78,3.92,33.78,3.04,10.14,0.0,10.14,1.69,10.14,0.0,3.38,0.129,1.69,0.0,0,0.0,0.0,0.0,0.0,1,0,0,0,150,0,9,0.556,0.01,1.52,22,0.07,0,1,0,0,0,corto,sin_clasificar,perecedero,pregunta,solo_enlaces_propios,bloque_continuo,transcripcion_automatica,es,Entertainment
305,gDF99qnJuEE,CONSEGUIR CUALQUIER JUEGO GRATIS 2021 😱😱,Activen,344,entretenimiento,corto,busqueda_semilla,1,youtube_auto,1,,0,0.5,1,1,1,1,75.0,0.383,0.0,,,0.614,0.474,0.829,4.53,30.23,2.56,0.0,0.0,6.98,0.0,13.95,0.0,4.65,0.097,0.0,0.0,0,0.0,0.0,0.0,0.0,2,2,0,1,478,0,5,0.6,0.042,1.4,28,1.0,0,0,0,0,1,corto,sin_clasificar,perecedero,declarativa,con_enlaces_externos,bloque_continuo,transcripcion_automatica,es,Entertainment
303,yYRARygpP34,20K LIKES Y HACEMOS UN DOCUMENTAL JUNTOS? 🤝​❤️​,VALMASEDA,128,entretenimiento,corto,chart_canal,1,youtube_auto,1,8.9,1,1.58,1,1,1,1,237.7,0.347,0.2,8.9,11.83,0.5971,0.436,0.857,4.49,5.92,2.37,0.0,0.0,1.97,0.0,17.75,0.0,1.97,0.202,1.97,0.0,0,0.0,0.0,0.0,0.0,5,2,0,1,281,0,4,0.5,0.223,0.39,11,1.0,0,1,0,0,1,corto,opinion_review,perenne,pregunta,con_enlaces_externos,bloque_continuo,transcripcion_automatica,es,Comedy
313,i0m2PhGJoWg,Ludovico termina en la cárcel | La Familia PLuche 4/4 | C7 T2,Distrito Comedia,272,entretenimiento,corto,busqueda_semilla,1,youtube_auto,1,6.2,1,0.68,1,1,1,1,101.2,0.573,0.2,6.2,23.97,0.5475,0.453,0.725,3.97,10.89,1.09,0.0,0.0,0.0,0.0,4.36,2.18,6.54,0.381,0.0,0.0,0,0.0,0.0,0.0,0.0,6,0,0,0,559,0,5,0.2,0.673,0.22,10,0.167,0,0,0,0,0,corto,sin_clasificar,perenne,declarativa,solo_enlaces_propios,bloque_continuo,transcripcion_automatica,es,Entertainment
314,biayD8E7KOc,Elmer y Diano - Nada Personal,Elmer y Diano & Los Tuexi,168,entretenimiento,corto,busqueda_semilla,1,youtube_auto,1,,0,1.11,1,1,1,1,166.1,0.288,0.0,,,0.545,0.404,0.833,3.83,2.15,0.43,0.0,0.0,0.0,0.0,6.45,0.0,19.35,0.025,0.0,0.0,0,0.0,0.0,0.0,0.0,0,0,0,0,29,0,3,0.333,0.222,0.43,0,0.174,0,0,0,0,0,corto,sin_clasificar,perenne,declarativa,sin_enlaces,bloque_continuo,transcripcion_automatica,es,Entertainment
312,DaeFSP3OJvc,NUNCA vean Youtube Shorts #2 💀,MagmaBoi,520,entretenimiento,corto,busqueda_semilla,1,youtube_auto,1,,0,0.88,1,1,1,1,132.2,0.344,0.056,,,0.6145,0.454,0.76,3.97,8.73,2.01,0.0,0.87,1.75,0.0,6.98,1.75,6.11,0.34,1.75,0.0,0,0.87,0.0,0.0,0.87,3,0,0,0,317,0,4,1.0,0.058,0.87,13,0.318,0,0,0,0,0,corto,opinion_review,perenne,declarativa,solo_enlaces_propios,bloque_continuo,transcripcion_automatica,es,Entertainment
310,lhdi9nAUUM8,A DONDE  VAYAS BANDA RG LA PURA CAJETA,BANDA RG LA PURA CAJETA,253,entretenimiento,corto,busqueda_semilla,1,youtube_auto,1,,0,0.37,0,1,0,0,54.8,0.353,0.111,,,0.51,0.468,0.6,4.03,4.33,0.0,0.0,0.0,0.0,0.0,0.0,0.0,8.66,0.055,0.0,0.0,0,0.0,0.0,0.0,0.0,0,0,0,0,0,0,4,0.25,0.069,1.73,0,1.0,0,0,0,0,1,corto,sin_clasificar,perenne,declarativa,sin_enlaces,bloque_continuo,transcripcion_parcial,es,Entertainment
311,pqeI5-wreQY,Anya y Damian se QUEDAN JUNTOS por MUCHO MAS TIEMPO! | Spy x Family Manga 112 Español,ALEX YAM,490,entretenimiento,corto,busqueda_semilla,1,youtube_auto,1,,0,1.12,1,1,1,1,167.9,0.258,0.059,,,0.6219,0.475,0.76,4.1,23.34,1.02,0.0,0.0,0.73,0.0,8.02,0.0,7.29,0.064,0.73,0.0,0,0.0,0.0,0.73,0.0,12,2,0,1,1685,1,8,0.75,0.002,1.53,18,0.5,1,0,0,0,1,corto,resumen_evento,perecedero,declarativa,con_enlaces_externos,bloque_continuo,transcripcion_automatica,es,Entertainment
324,I5hGyi3eZW4,ETHAN G - NUNCA HAN CONFIAO,ETHAN G,152,entretenimiento,corto,busqueda_semilla,1,youtube_auto,1,,0,0.79,1,1,1,1,119.2,0.614,0.167,,,0.6317,0.434,0.576,4.0,3.31,0.66,0.0,0.0,3.31,0.0,13.25,0.0,23.18,0.021,0.0,0.0,0,0.0,0.0,0.0,0.0,3,0,0,0,357,0,3,0.333,0.189,0.66,24,1.0,0,0,0,0,1,corto,sin_clasificar,perecedero,declarativa,solo_enlaces_propios,bloque_continuo,transcripcion_automatica,es,Music
326,v9c796Fb_UI,Neton Vega - Todo a Su Tiempo,Exitos Planeta MX,240,entretenimiento,corto,busqueda_semilla,1,youtube_auto,1,,0,0.21,0,1,1,0,31.8,0.416,0.125,,,0.6614,0.512,0.86,4.09,15.75,0.0,0.0,0.0,7.87,0.0,0.0,0.0,15.75,0.031,0.0,0.0,0,0.0,0.0,0.0,0.0,0,0,0,0,10,0,3,0.333,0.15,0.79,1,0.227,0,0,0,0,0,corto,sin_clasificar,perenne,declarativa,sin_enlaces,bloque_continuo,transcripcion_parcial,es,Music
388,skVCKS-zUyo,ARMANDO PC GAMING DE SUSCRIPTORES 🔴,Ferri,8369,entretenimiento,largo,chart_canal,1,youtube_auto,1,7.7,1,0.79,1,1,1,1,119.1,0.28,0.014,7.7,22.46,0.5478,0.446,0.536,3.98,14.93,5.45,2.05,0.06,5.96,0.48,6.14,2.05,4.64,0.496,2.65,0.0,0,0.12,0.0,0.3,0.12,4,2,0,1,363,0,3,1.0,0.028,0.14,0,1.0,0,0,0,0,1,muy_largo,sin_clasificar,perenne,declarativa,con_enlaces_externos,bloque_continuo,transcripcion_automatica,es,Entertainment
391,Xgl9iDXkyC4,Este es MI ÚLTIMO DESEO ANTES de M0R1R: Tengo LEUCEMIA a mis 8 AÑOS y estoy DESAHUCIADA | Mr Doctor,Mr Doctor,5631,entretenimiento,largo,busqueda_semilla,1,youtube_auto,1,14281.0,0,1.01,1,1,1,1,152.2,0.318,0.064,,,0.5632,0.445,0.598,4.29,16.18,1.8,0.49,0.63,3.08,0.49,10.08,1.12,4.97,0.296,0.56,0.0,0,0.14,0.0,0.35,0.14,7,0,0,0,1076,0,9,0.556,0.01,0.71,7,0.64,0,0,0,0,1,muy_largo,sin_clasificar,perenne,declarativa,solo_enlaces_propios,bloque_continuo,transcripcion_automatica,es,Entertainment
384,yQQNMgBAuuA,qué le está pasando a españa??? doy mi opinión sincera - vlog semanal 11,Melo,3635,entretenimiento,largo,chart_canal,1,youtube_auto,1,12.6,1,1.02,1,1,1,1,153.1,0.293,0.049,12.6,20.81,0.5437,0.452,0.599,4.13,26.41,1.36,0.22,0.11,0.75,0.0,19.19,0.65,7.22,0.149,0.43,0.0,0,0.11,0.0,0.22,0.11,3,1,0,1,373,0,6,0.333,0.032,0.45,4,0.0,0,1,0,0,0,muy_largo,conversacion_larga,perenne,pregunta,con_enlaces_externos,bloque_continuo,transcripcion_automatica,es,Entertainment
389,dZxk1ow3BMY,NAVAJA CRIMEN MEMORIA DE UN GRAN FIN DE SEMANA: TAYLOR SWIFT MISS SUDAMERICA | BLENDER,BLENDER,2906,entretenimiento,largo,busqueda_semilla,1,youtube_auto,1,7550.0,0,1.04,1,1,1,1,155.9,0.254,0.031,,,0.6071,0.49,0.656,4.23,24.11,2.4,0.79,0.13,1.85,1.46,9.14,2.91,8.34,0.386,0.4,2.89,1,0.4,0.0,0.26,0.4,0,0,0,0,1130,14,10,0.8,0.0,1.14,22,1.0,0,0,0,0,1,largo,conversacion_larga,perecedero,declarativa,sin_enlaces,con_indice,transcripcion_automatica,es,Entertainment
373,uY99GAofFc8,Wile E. Coyote contra el Correcaminos: ¿¡quién GANARÁ!? | Looney Tunes en Latino @WBKidsLatino,WB Kids Latino,2398,entretenimiento,largo,busqueda_semilla,0,ninguna,0,,0,,0,1,1,0,,,,,,,,,,,,,,,,,,,,,0.0,0,,,,,1,0,0,0,457,0,8,,,,30,0.233,2,1,0,0,1,largo,sin_clasificar,perenne,pregunta,solo_enlaces_propios,bloque_continuo,sin_transcripcion,es,Film & Animation
377,KCNEsg6Atj0,¿Cuál es la MÁXIMA VELOCIDAD que puedo alcanzar en la VIDA REAL?,TheGrefg,1834,entretenimiento,largo,busqueda_semilla,1,youtube_auto,1,7.2,1,0.97,1,1,1,1,145.4,0.309,0.016,7.2,18.46,0.5739,0.451,0.648,4.05,21.61,3.06,0.23,0.45,3.15,0.0,9.0,0.68,4.73,0.226,1.58,0.0,0,0.68,0.0,0.68,0.68,12,6,0,1,888,0,6,0.833,0.014,1.06,6,0.471,0,1,0,0,0,largo,sin_clasificar,perenne,pregunta,con_enlaces_externos,bloque_continuo,transcripcion_automatica,es,Entertainment
362,6pCVmJD6YaY,La Ciudad de $100 Mil Millones que fue un FRACASO Total,Kibara,2102,entretenimiento,largo,busqueda_semilla,1,youtube_auto,1,12.1,1,1.07,1,1,1,1,161.1,0.263,0.028,12.1,7.97,0.6147,0.459,0.64,4.33,17.9,1.84,0.35,0.71,3.19,1.77,10.99,1.77,4.96,0.416,0.18,0.0,0,0.0,0.18,0.35,0.18,2,1,0,1,730,0,4,1.0,0.005,0.76,24,0.293,0,0,0,0,0,largo,sin_clasificar,perenne,declarativa,con_enlaces_externos,bloque_continuo,transcripcion_automatica,es,Entertainment
367,nDaTmxewtRk,Relatos de Viajeros en el Tiempo Vol.11------------- (Especial PreHistoria),Ciencia Ficción 360,5068,entretenimiento,largo,busqueda_semilla,0,ninguna,0,,0,,0,1,1,0,,,,,,,,,,,,,,,,,,,,,0.0,0,,,,,0,0,0,0,1087,0,5,,,,29,0.143,0,0,0,0,0,muy_largo,sin_clasificar,perenne,declarativa,sin_enlaces,bloque_continuo,sin_transcripcion,es,Entertainment
374,3iPRic11QKU,El Hacendado - Película Completa de Acción y Drama,PALENCIA TV Peliculas De Accion 🎬,5595,entretenimiento,largo,busqueda_semilla,1,youtube_auto,1,,0,0.49,1,1,1,1,73.2,0.522,0.118,,,0.6024,0.476,0.662,4.12,10.4,1.08,0.0,0.0,1.17,0.0,3.51,0.15,7.32,0.083,0.0,0.0,0,0.0,0.0,0.0,0.0,0,0,0,0,729,0,5,0.2,0.973,0.01,10,0.146,0,0,0,0,0,muy_largo,sin_clasificar,perenne,declarativa,sin_enlaces,bloque_continuo,transcripcion_automatica,es,Film & Animation
501,Y3_k5-XuLUc,La historia de Cyrano 🤩 un imperio pastelero - Marcas Que Impactan💰: Cyrano,Nicolás R Muñoz,2741,entretenimiento,largo,busqueda_semilla,1,youtube_auto,1,4006.5,0,1.17,1,1,1,1,175.4,0.161,0.011,,,0.6193,0.455,0.663,4.45,7.86,2.56,0.25,1.37,3.49,0.25,7.49,1.75,5.62,0.368,0.25,2.63,1,0.0,0.0,0.12,0.0,2,0,0,0,647,0,7,1.0,0.01,0.45,46,0.102,0,0,0,0,0,largo,conversacion_larga,perenne,declarativa,solo_enlaces_propios,con_indice,transcripcion_automatica,es,Entertainment
502,rwDB9FHzBR4,"Siempre al Oeste 01x02 - Juan Gómez-Jurado: ""El egocentrismo es fundamental para un creador""",Zenda,2201,entretenimiento,largo,busqueda_semilla,1,youtube_auto,1,,0,1.12,1,1,1,1,168.0,0.202,0.014,,,0.543,0.407,0.661,3.98,26.94,1.61,0.32,0.0,1.79,0.32,20.45,0.97,4.22,0.311,0.49,0.0,0,0.0,0.0,0.0,0.0,2,0,0,0,498,0,9,0.778,0.0,0.49,0,0.086,0,0,0,0,0,largo,sin_clasificar,perenne,declarativa,solo_enlaces_propios,bloque_continuo,transcripcion_automatica,es,Entertainment
363,M14vI2bY6to,El ÚLTIMO VLOG de 2025!!!!!!!! 🥹,GER,3086,entretenimiento,largo,chart_canal,1,youtube_auto,1,9.9,1,1.48,1,1,1,1,221.4,0.237,0.039,9.9,8.43,0.5807,0.43,0.627,3.94,15.72,1.98,0.26,0.09,1.58,0.18,11.24,0.7,7.02,0.16,0.7,0.0,0,0.18,0.09,0.26,0.26,7,0,0,0,901,0,3,0.333,0.001,0.05,29,0.786,8,0,0,0,2,largo,sin_clasificar,perecedero,declarativa,solo_enlaces_propios,bloque_continuo,transcripcion_automatica,es,Comedy
361,3_hqnVm8Ck8,EL PAYASO MÁS PELIGROSO de LA DEEP WEB * CREEPER la PELICULA,PARCERICO,4255,entretenimiento,largo,busqueda_semilla,1,youtube_auto,1,1259.2,0,0.59,1,1,1,1,88.8,0.506,0.12,,,0.573,0.493,0.627,4.32,10.48,1.76,0.0,0.0,1.43,0.16,3.65,1.27,10.01,0.168,0.48,0.0,0,0.16,0.0,0.16,0.16,3,1,0,1,267,0,5,1.0,0.0,0.94,0,0.917,0,0,0,0,1,muy_largo,sin_clasificar,perenne,declarativa,con_enlaces_externos,bloque_continuo,transcripcion_automatica,es,Entertainment
364,eRMGgcjxMJY,MARATÓN de Biper y sus Amigos 🎁🎵✨| Canciones Infantiles Cristianas,Biper y sus Amigos,2624,entretenimiento,largo,busqueda_semilla,1,youtube_auto,1,,0,0.09,0,1,1,0,14.2,0.889,0.239,,,0.5794,0.402,0.854,3.81,9.69,2.1,1.62,0.0,0.0,0.0,8.08,0.0,19.39,0.025,0.0,0.0,0,0.0,0.0,0.0,0.0,9,3,0,1,803,0,6,0.167,0.002,0.65,20,0.226,0,0,0,0,0,largo,sin_clasificar,perenne,declarativa,con_enlaces_externos,bloque_continuo,transcripcion_parcial,es,Music
369,3lmG0tiaRFE,"Puerto Williams, Lugares que Hablan, Canal 13.",El 13,7842,entretenimiento,largo,busqueda_semilla,1,youtube_auto,1,,0,0.67,1,1,1,1,100.4,0.423,0.099,,,0.6133,0.46,0.551,4.36,11.81,2.39,0.84,0.0,4.88,0.61,8.76,0.38,6.4,0.128,0.46,0.0,0,0.08,0.0,0.23,0.08,4,1,0,1,167,0,5,1.0,0.001,0.69,7,0.143,0,0,0,0,0,muy_largo,sin_clasificar,perenne,declarativa,con_enlaces_externos,bloque_continuo,transcripcion_automatica,es,Entertainment
365,xXKuJJZ_eXc,la PEOR película de ¨TERROR¨ que he visto (pero eso es BUENO) Análisis de MEGAN,Nokiru,1890,entretenimiento,largo,busqueda_semilla,1,youtube_auto,1,,0,1.41,1,1,1,1,211.7,0.112,0.0,,,0.5937,0.464,0.682,4.16,9.0,1.65,0.0,0.0,1.5,0.75,6.75,1.8,7.35,0.293,0.3,0.0,0,0.0,0.0,0.3,0.0,4,1,0,1,1528,0,7,0.857,0.001,2.5,0,0.344,0,0,0,0,0,largo,explicativo,perenne,declarativa,con_enlaces_externos,bloque_continuo,transcripcion_automatica,es,Film & Animation
366,kolcGgJuVKA,Sobreviví 100 Días en NAVIDAD 🎄 en Minecraft Hardcore,SoyCubo,3806,entretenimiento,largo,chart_canal,1,youtube_auto,1,9.2,1,1.1,1,1,1,1,165.5,0.163,0.008,9.2,13.81,0.5563,0.443,0.545,4.13,22.48,2.09,0.0,0.1,0.19,0.0,12.67,1.24,7.33,0.222,1.24,0.0,0,0.1,0.0,0.1,0.1,3,1,0,1,200,0,5,1.0,0.0,0.2,6,0.268,0,0,0,0,0,muy_largo,sin_clasificar,perenne,declarativa,con_enlaces_externos,bloque_continuo,transcripcion_automatica,es,Entertainment
368,YOn_z2I6iqE,Su vida dejó de ser color de rosa - Mi hermana adorada | Tu Voz Estéreo,Caracol Televisión,3023,entretenimiento,largo,busqueda_semilla,1,youtube_auto,1,8.3,1,1.14,1,1,1,1,170.6,0.27,0.01,8.3,16.06,0.54,0.427,0.602,3.93,11.4,0.88,0.0,0.0,0.81,0.0,7.68,0.47,6.75,0.134,0.12,0.0,0,0.0,0.0,0.12,0.0,2,0,0,0,1287,0,7,0.571,0.045,0.4,12,0.093,0,0,0,0,0,largo,sin_clasificar,perenne,declarativa,solo_enlaces_propios,bloque_continuo,transcripcion_automatica,es,Entertainment
376,3iFnJbFpkyo,Aquí Está Tu Enamorado (1963) | Tele N | Película Completa | Antonio Aguilar,Tele N,6360,entretenimiento,largo,busqueda_semilla,1,youtube_auto,1,,0,0.74,1,1,1,1,110.6,0.408,0.099,,,0.5923,0.475,0.637,4.17,9.98,0.92,0.0,0.0,1.45,0.09,4.6,0.26,7.33,0.097,0.26,0.0,0,0.0,0.0,0.26,0.0,0,0,0,0,336,0,7,0.429,0.0,0.67,21,0.185,0,0,0,0,0,muy_largo,sin_clasificar,perenne,declarativa,sin_enlaces,bloque_continuo,transcripcion_automatica,es,Film & Animation
375,jLf53bLtlNc,TODOS VAN A LLORAR HOY EN EL F2F😂,Nexxuz World,8550,entretenimiento,largo,chart_canal,1,youtube_auto,1,7.0,1,0.85,1,1,1,1,128.0,0.324,0.046,7.0,24.94,0.5301,0.468,0.566,3.88,26.25,1.59,0.11,0.77,2.9,0.33,9.48,0.82,7.56,0.164,0.38,0.0,0,0.0,0.0,0.27,0.0,3,0,0,0,169,0,1,0.0,,,27,1.0,0,0,0,0,1,muy_largo,sin_clasificar,perecedero,declarativa,solo_enlaces_propios,bloque_continuo,transcripcion_automatica,es,Entertainment
370,ytsu50Ugeow,Entrevista con ALBEREE Y GUARI,Martin Cirio,3790,entretenimiento,largo,chart_canal,1,youtube_auto,1,11.6,1,1.36,1,1,1,1,204.2,0.148,0.008,11.6,13.57,0.5259,0.428,0.596,3.87,29.46,1.71,0.0,0.0,2.56,0.23,19.23,0.47,9.77,0.094,0.08,0.0,0,0.16,0.0,0.31,0.16,2,1,0,1,461,0,3,0.333,0.308,0.02,2,0.538,0,0,0,0,1,muy_largo,conversacion_larga,perenne,declarativa,con_enlaces_externos,bloque_continuo,transcripcion_automatica,es,Entertainment
372,f-0nxowFsNQ,HIST  UNIVERSAL WALTER CICLO ANUAL 2023 11VO SEMANA,PREUNSCH 2026,6181,entretenimiento,largo,busqueda_semilla,1,youtube_auto,1,6475.5,0,0.84,1,1,0,1,125.7,0.266,0.043,,,0.508,0.482,0.539,4.7,7.64,2.2,1.93,0.0,2.47,0.39,12.35,0.31,3.24,0.217,0.31,0.0,0,0.0,0.0,0.0,0.0,0,0,0,0,0,0,8,0.125,0.394,0.02,0,1.0,0,0,0,0,1,muy_largo,sin_clasificar,perecedero,declarativa,sin_enlaces,bloque_continuo,transcripcion_automatica,es,Entertainment
371,8s_jn8RJxqo,FREE COVER DE GAITAS Y SUS AMIGOS VOL.1,DjRubenViloria,1972,entretenimiento,largo,busqueda_semilla,1,youtube_auto,1,,0,0.69,1,1,1,1,103.1,0.306,0.061,,,0.5495,0.457,0.674,4.17,3.24,1.39,0.0,0.0,0.29,0.0,5.6,0.29,8.26,0.09,0.0,0.0,0,0.0,0.0,0.0,0.0,2,1,0,1,458,0,4,0.5,0.093,0.15,0,1.0,0,0,0,0,1,largo,sin_clasificar,perenne,declarativa,con_enlaces_externos,bloque_continuo,transcripcion_automatica,es,Music
387,fbuT3rOpPyI,Último Verano Capítulo 11 | Doblado en Español | Son Yaz,Último Verano - Son Yaz en Español,2499,entretenimiento,largo,busqueda_semilla,1,youtube_auto,1,,0,0.54,1,1,1,1,81.6,0.547,0.167,,,0.6364,0.494,0.687,4.33,8.53,1.0,0.0,0.29,2.65,0.29,5.88,0.88,7.94,0.164,0.0,0.0,0,0.0,0.0,1.77,0.0,3,0,0,0,1366,0,5,0.2,0.17,0.06,19,0.167,0,0,0,0,0,largo,sin_clasificar,perenne,declarativa,solo_enlaces_propios,bloque_continuo,transcripcion_automatica,es,Film & Animation
378,4IkeIUce8WA,Raymond Y Sus Amigos Men And The City 12 Julio 2022 Martes En Vivo Completo,Entretenimiento Boricua,2118,entretenimiento,largo,busqueda_semilla,1,youtube_auto,1,,0,0.52,1,1,1,1,78.6,0.475,0.113,,,0.563,0.433,0.722,4.04,15.14,1.44,0.0,0.0,1.08,0.0,9.73,1.44,11.53,0.161,1.08,0.0,0,0.0,0.0,0.36,0.0,1,1,0,1,447,0,8,0.25,0.304,0.07,63,0.236,0,0,0,0,0,largo,directo,perecedero,declarativa,con_enlaces_externos,bloque_continuo,transcripcion_automatica,es,Entertainment
380,ZsXsPX5ncjo,👉 resumen: ALUMNOS DE UNA ESCUELA SE CONVIERTEN EN ZOMBIES INTELIGENTES | ahora te cuento,Ahora te cuento,2307,entretenimiento,largo,busqueda_semilla,1,youtube_auto,1,15.0,1,1.03,1,1,1,1,154.4,0.106,0.0,15.0,0.0,0.6536,0.554,0.701,4.78,0.34,1.58,0.17,0.0,0.17,1.35,3.87,0.51,3.54,0.25,0.17,0.0,0,0.34,0.0,0.17,0.34,3,0,0,0,1916,0,8,0.625,0.002,1.01,20,0.722,0,0,0,0,1,largo,resumen_evento,perecedero,declarativa,solo_enlaces_propios,bloque_continuo,transcripcion_automatica,es,Entertainment
379,c2NoDlbn-Zo,ESCOLTA MORTAL juro protegerla a costa de su vida -  Pelicula completa en español - NARCOS,Aire TV CINEMA,5736,entretenimiento,largo,busqueda_semilla,1,youtube_auto,1,,0,0.62,1,1,1,1,93.7,0.558,0.188,,,0.5953,0.455,0.643,4.06,15.51,0.79,0.0,0.0,0.56,0.78,7.14,0.33,7.03,0.11,0.33,0.0,0,0.0,0.0,0.0,0.0,0,0,0,0,1090,0,10,0.7,0.003,0.59,10,0.278,0,0,0,0,0,muy_largo,sin_clasificar,perenne,declarativa,sin_enlaces,bloque_continuo,transcripcion_automatica,es,Film & Animation
383,-tVHhgiM9eI,Nunca sabes cómo puede acabar una jornada de pesca.,Carlos Kayak Fishing,3553,entretenimiento,largo,busqueda_semilla,1,youtube_auto,1,,0,0.52,1,1,1,1,77.5,0.693,0.218,,,0.5077,0.484,0.614,3.84,29.21,1.57,0.0,0.0,1.53,0.0,8.28,1.31,5.01,0.328,0.65,0.0,0,0.22,0.0,0.65,0.22,0,0,0,0,251,0,5,0.8,0.045,0.22,3,0.024,0,0,0,0,0,largo,sin_clasificar,perecedero,declarativa,sin_enlaces,bloque_continuo,transcripcion_automatica,es,Entertainment
381,Az5C9h61NzE,"Soy Una Sirena, No Puedo Amar A Personas Normales",Mi Diario Animado Español,5693,entretenimiento,largo,busqueda_semilla,1,youtube_auto,1,8.8,1,1.2,1,1,1,1,179.6,0.135,0.005,8.8,9.57,0.6539,0.527,0.63,4.51,4.52,1.47,0.0,0.0,1.17,0.35,4.11,2.35,8.16,0.329,0.12,0.0,0,0.0,0.0,0.47,0.0,1,0,0,0,452,0,5,0.8,0.001,0.22,14,0.225,0,0,0,0,0,muy_largo,sin_clasificar,perenne,declarativa,solo_enlaces_propios,bloque_continuo,transcripcion_automatica,es,Film & Animation
385,tnOnNc5a9RY,"FRIDA KAHLO, LA HISTORIA DETRÁS DE LA ARTISTA",El mito de Lydia,2951,entretenimiento,largo,busqueda_semilla,1,youtube_manual,0,,0,0.92,1,1,1,1,137.8,0.166,0.01,,,0.6363,0.505,0.714,4.65,2.36,2.43,5.02,0.0,2.66,0.3,8.11,0.89,4.28,0.291,0.15,0.0,0,0.15,0.0,0.0,0.15,3,0,0,0,499,0,5,1.0,0.0,1.74,4,1.0,0,0,0,0,1,largo,explicativo,perenne,declarativa,solo_enlaces_propios,bloque_continuo,transcripcion_humana,es,Entertainment
382,9O-cqiPaB04,¡Receta de CHEESECAKE SIN HORNO de oreo! #ComeParaCreer | Programa completo (08/08/26),América TV,1567,entretenimiento,largo,chart_canal,1,youtube_auto,1,7.8,1,0.94,1,1,1,1,141.4,0.261,0.019,7.8,11.38,0.5519,0.44,0.638,4.15,15.44,1.63,0.0,0.0,0.54,0.27,11.92,2.17,7.31,0.342,0.0,0.0,0,0.0,0.0,0.27,0.0,5,0,0,0,649,0,7,0.571,0.014,0.43,28,0.377,2,0,0,0,1,medio,directo,perecedero,declarativa,solo_enlaces_propios,bloque_continuo,transcripcion_automatica,es,Entertainment
386,hAdWiQEMuoA,SAIKO SORPRENDIDO CUANDO MORA LE LLEGA A LA ENTREVISTA,Chente Ydrach,3005,entretenimiento,largo,busqueda_semilla,1,youtube_auto,1,9130.0,0,1.22,1,1,1,1,182.3,0.198,0.01,,,0.5358,0.417,0.604,3.94,14.57,1.62,0.0,0.11,2.96,0.66,18.07,1.2,12.92,0.127,0.22,2.8,1,0.11,0.0,0.22,0.11,4,1,0,1,485,14,5,0.6,0.462,0.14,0,1.0,0,0,0,0,1,largo,conversacion_larga,perenne,declarativa,con_enlaces_externos,con_indice,transcripcion_automatica,es,Entertainment
392,gOfl-aPdoB8,Vamos a contar mentiras 🐳🕹️ y más canciones infantiles para bebés con Cleo y Cuquín,Cleo y Cuquin - Canciones infantiles,3686,entretenimiento,largo,busqueda_semilla,1,youtube_auto,1,6.4,1,0.44,0,1,1,0,65.5,0.369,0.049,6.4,11.44,0.3895,0.522,0.489,3.99,2.24,2.39,0.0,0.0,0.0,0.0,5.72,0.0,7.21,0.065,0.0,0.0,0,0.0,0.0,0.25,0.0,16,3,0,1,3903,0,7,0.714,0.003,0.6,25,0.045,0,0,0,0,0,muy_largo,sin_clasificar,perenne,declarativa,con_enlaces_externos,bloque_continuo,transcripcion_parcial,es,Film & Animation
393,fH-bT12XDy4,Fedelobo Reacciona a: ¿La MAYOR ESTAFA De YOUTUBE? | HISTORIA DE WEREVERTUMORRO CREW (PARTE 3),FedeLive,3279,entretenimiento,largo,busqueda_semilla,1,youtube_auto,1,7336.0,0,0.89,1,1,1,1,134.2,0.233,0.018,,,0.5812,0.441,0.635,4.15,17.45,1.29,0.95,0.0,0.95,1.5,12.81,1.09,7.77,0.192,0.41,0.0,0,0.27,0.0,0.14,0.27,7,0,0,0,495,1,9,0.556,0.004,0.26,15,0.753,0,1,0,0,1,largo,lista_ranking,perecedero,pregunta,solo_enlaces_propios,bloque_continuo,transcripcion_automatica,es,Entertainment
390,NMDLOyqBrRg,"¿Se puede revivir la juventud a los 70 años? ""ACAPULCO LA VIDA VA"" Pelicula completa",MILLION DOLLAR CINEMA STUDIO,5349,entretenimiento,largo,busqueda_semilla,1,youtube_auto,1,6.1,1,0.4,0,1,1,0,60.7,0.814,0.346,6.1,27.53,0.5995,0.472,0.656,4.08,12.38,1.42,0.0,0.0,2.96,0.37,6.65,1.29,9.05,0.187,0.18,0.0,0,0.0,0.0,0.18,0.0,0,0,0,0,1768,0,7,0.714,0.013,0.7,25,0.281,0,1,0,0,0,muy_largo,sin_clasificar,perenne,pregunta,sin_enlaces,bloque_continuo,transcripcion_parcial,es,Film & Animation
328,ydwvM2FqJrA,Mi papá tenia otra familia y me entero en la escuela😥,Layla Robles ,663,entretenimiento,medio,busqueda_semilla,1,youtube_auto,1,8.4,1,1.08,1,1,1,1,162.5,0.319,0.043,8.4,25.61,0.522,0.403,0.668,3.9,15.03,0.61,0.0,0.0,0.0,0.56,10.58,1.11,11.14,0.138,0.0,0.0,0,0.0,0.0,0.56,0.0,7,0,0,0,476,0,5,0.4,0.012,1.0,0,0.024,0,0,0,0,0,medio,sin_clasificar,perenne,declarativa,solo_enlaces_propios,bloque_continuo,transcripcion_automatica,es,Film & Animation
341,8siop21pGGI,Imágenes y Recuerdos Que Nos Dejaron Los Años 50 en la Ciudad de México,Ecos Del México De Ayer,1412,entretenimiento,medio,busqueda_semilla,1,youtube_auto,1,22.5,1,0.92,1,1,1,1,138.5,0.17,0.021,22.5,0.31,0.6248,0.514,0.69,5.15,5.52,2.21,1.53,0.0,13.5,0.31,3.07,0.0,1.53,0.246,0.0,0.0,0,0.31,0.92,0.0,1.23,2,0,0,0,1041,0,6,1.0,0.002,3.16,20,0.161,0,0,0,0,0,medio,sin_clasificar,perecedero,declarativa,solo_enlaces_propios,bloque_continuo,transcripcion_automatica,es,Entertainment
349,xqNHI_FK5ws,MOTOTONTOS - LAV144 - Dashcams España,Dashcams Spain,619,entretenimiento,medio,chart_canal,1,youtube_auto,1,7.3,1,0.17,0,1,1,0,24.9,1.07,0.429,7.3,23.35,0.5775,0.479,0.763,4.08,31.13,0.78,0.0,3.89,0.0,0.0,0.0,0.0,11.67,0.041,0.0,0.0,0,23.35,0.0,0.0,23.35,4,3,0,1,492,0,4,0.0,,,14,0.556,0,0,0,0,1,medio,sin_clasificar,perenne,declarativa,con_enlaces_externos,bloque_continuo,transcripcion_parcial,es,Entertainment
351,YdayDJOpCi0,Así es una Casa Tradicional en Japón,Marc Vilas,757,entretenimiento,medio,busqueda_semilla,1,youtube_auto,1,,0,0.93,1,1,1,1,139.3,0.376,0.077,,,0.6086,0.463,0.745,4.33,7.97,2.73,0.0,0.57,4.55,0.57,6.26,3.41,5.12,0.696,2.28,0.0,0,0.57,0.0,0.0,0.57,3,1,0,1,585,0,3,1.0,0.002,1.02,39,0.133,0,0,0,0,0,medio,sin_clasificar,perenne,declarativa,con_enlaces_externos,bloque_continuo,transcripcion_automatica,es,Entertainment
360,GpVOZ5YrW40,Jugamos PING PONG en Kinect 🏓,ElCamacho24,1136,entretenimiento,medio,chart_canal,1,youtube_auto,1,4.3,1,0.5,1,1,0,1,75.2,0.442,0.053,4.3,14.76,0.5624,0.519,0.631,4.22,14.05,3.02,0.0,0.0,4.22,1.41,0.7,0.7,14.05,0.082,0.0,0.0,0,0.7,0.0,0.0,0.7,0,0,0,0,0,0,4,0.0,,,0,0.435,0,0,0,0,0,medio,sin_clasificar,perenne,declarativa,sin_enlaces,bloque_continuo,transcripcion_automatica,es,Entertainment
350,41MSVtBG9ic,⚽️🏆 ¿Cuánto Sabes de Fútbol? 🥅 50 Preguntas de Fútbol para Expertos y Aficionados 🌍⚡,Ultra Top,806,entretenimiento,medio,busqueda_semilla,1,youtube_auto,1,,0,0.44,0,1,1,0,66.1,0.202,0.0,,,0.4554,0.493,0.633,4.35,1.13,2.93,23.65,0.0,0.0,0.0,1.13,0.0,0.0,1.0,0.0,2.98,1,3.38,0.0,0.0,3.38,2,0,0,0,1078,4,7,0.333,0.002,1.01,21,0.117,0,1,0,0,0,medio,lista_ranking,perenne,pregunta,solo_enlaces_propios,con_indice,transcripcion_parcial,es,Entertainment
338,kTMIa_Xkv0o,"La Ermita, un barrio con mucha historia.",Crónicas Delirantes,636,entretenimiento,medio,busqueda_semilla,1,youtube_auto,1,,0,0.92,1,1,1,1,138.1,0.324,0.091,,,0.571,0.454,0.736,4.3,15.71,2.25,2.73,0.0,0.68,0.0,8.88,1.37,0.68,1.585,0.68,0.0,0,0.68,0.0,0.0,0.68,3,0,0,0,202,0,4,0.75,0.02,3.14,6,0.062,0,0,0,0,0,medio,sin_clasificar,perenne,declarativa,solo_enlaces_propios,bloque_continuo,transcripcion_automatica,es,Entertainment
344,abOOQ7B4M8g,Quién es  MAKANAKY la REALEZA?! - El problema de la sociedad peruana.,JMB Channel,742,entretenimiento,medio,busqueda_semilla,1,youtube_auto,1,,0,1.07,1,1,1,1,159.9,0.221,0.04,,,0.5999,0.474,0.695,4.6,27.31,0.81,0.51,0.0,1.01,1.01,23.27,0.0,7.59,0.062,0.51,0.0,0,0.51,0.0,0.0,0.51,5,1,0,1,765,0,5,0.6,0.016,0.71,27,0.321,1,1,0,0,1,medio,sin_clasificar,perecedero,pregunta,con_enlaces_externos,bloque_continuo,transcripcion_automatica,es,Comedy
332,TvpBOfUB6jg,"Un perreo especial, mareos y sorpresas: la semana de 'Boomerang' en Las Estrellas Bailan en Hoy",Hoy,768,entretenimiento,medio,busqueda_semilla,1,youtube_auto,1,,0,0.72,1,1,1,1,107.3,0.436,0.038,,,0.6115,0.462,0.694,4.24,16.02,1.46,0.0,0.0,4.37,1.46,10.92,0.0,3.64,0.121,0.0,0.0,0,0.0,0.0,0.0,0.0,6,1,0,1,688,0,8,0.375,0.035,0.87,14,0.079,0,0,0,0,0,medio,resumen_evento,perecedero,declarativa,con_enlaces_externos,bloque_continuo,transcripcion_automatica,es,Entertainment
353,vgzQf1HP9rw,Doña Lidia acepta ser cómplice de Chema a cambio de dinero | La rosa de Guadalupe 3/4 | La mula,La Rosa de Guadalupe,635,entretenimiento,medio,busqueda_semilla,1,youtube_auto,1,,0,0.86,1,1,1,1,128.6,0.434,0.136,,,0.569,0.45,0.661,3.95,11.76,0.29,0.0,0.0,0.0,0.0,13.23,0.0,8.08,0.058,0.0,0.0,0,0.0,0.0,0.73,0.0,5,0,0,0,613,0,10,0.4,0.056,3.09,5,0.085,0,0,0,0,0,medio,sin_clasificar,perenne,declarativa,solo_enlaces_propios,bloque_continuo,transcripcion_automatica,es,Entertainment
500,GE4egSGxyBQ,PASAMOS 24 HORAS EN UNA CASA ABANDONADA 😳🏚️👻 *paranormal* | El Tío Néstor 💎,El Tío Néstor,606,entretenimiento,medio,busqueda_semilla,1,youtube_auto,1,,0,1.05,1,1,1,1,157.0,0.312,0.048,,,0.58,0.467,0.71,4.33,25.22,1.39,0.0,0.0,4.41,0.0,12.61,0.0,7.57,0.062,0.63,0.0,0,0.63,0.0,0.0,0.63,5,0,0,0,1115,0,6,0.667,0.006,2.21,10,0.654,0,0,0,0,1,medio,sin_clasificar,perenne,declarativa,solo_enlaces_propios,bloque_continuo,transcripcion_automatica,es,Comedy
357,F1hPT5UDVyI,Donde nadie pesca | Cuentos y Leyendas de Honduras,Cuentos y Leyendas,857,entretenimiento,medio,busqueda_semilla,1,youtube_auto,1,,0,0.94,1,1,0,1,141.2,0.271,0.069,,,0.6051,0.481,0.708,4.03,14.38,1.39,0.0,0.0,0.5,0.0,4.96,1.49,5.45,0.334,0.5,0.0,0,0.0,0.0,0.5,0.0,0,0,0,0,0,0,5,0.4,0.076,0.3,0,0.098,0,0,0,0,0,medio,sin_clasificar,perenne,declarativa,sin_enlaces,bloque_continuo,transcripcion_automatica,es,Film & Animation
342,gDF0_HcFt6c,"🇺🇸 Pregunta/Respuesta Para Primera Entrevista de Trabajo de Asistente de Enfermera en USA, CNA",Nataly Caballero,851,entretenimiento,medio,busqueda_semilla,1,youtube_auto,1,,0,1.14,1,1,1,1,170.3,0.175,0.034,,,0.5444,0.435,0.602,4.55,12.83,1.28,0.0,0.0,0.0,0.0,19.04,2.07,12.0,0.206,0.0,0.0,0,1.66,0.0,0.0,1.66,4,4,0,1,587,0,7,1.0,0.002,4.55,5,0.182,0,0,0,0,0,medio,conversacion_larga,perenne,declarativa,con_enlaces_externos,bloque_continuo,transcripcion_automatica,es,Entertainment
329,zl01KK_w5bs,El Dengue y Coronao  || Invierno Musical,Invierno Musical oficial,622,entretenimiento,medio,busqueda_semilla,1,youtube_auto,1,,0,0.59,1,1,1,1,88.2,0.522,0.143,,,0.324,0.6,0.576,4.35,4.38,1.75,0.0,0.0,0.0,0.0,0.0,0.0,14.22,0.034,0.0,0.0,0,0.0,0.0,0.0,0.0,4,1,0,1,326,0,4,0.25,0.95,0.11,0,0.161,0,0,0,0,0,medio,sin_clasificar,perenne,declarativa,con_enlaces_externos,bloque_continuo,transcripcion_automatica,es,Music
335,NEonY1wPKbo,Equipando la casa de la familia más pobre,Gordo Soyacity,743,entretenimiento,medio,busqueda_semilla,1,youtube_auto,1,5.5,1,0.53,1,1,1,1,80.2,0.468,0.12,5.5,28.2,0.5212,0.444,0.714,3.81,13.09,0.7,0.0,0.0,0.0,0.0,7.05,0.0,2.01,0.199,3.02,0.0,0,0.0,0.0,0.0,0.0,4,1,0,1,674,0,4,0.25,0.914,0.1,34,0.029,0,0,0,0,0,medio,sin_clasificar,perenne,declarativa,con_enlaces_externos,bloque_continuo,transcripcion_automatica,es,Entertainment
336,NCdTxNotbLc,SE PICÓ EN EL OBELISCO💥 ARGENTINA A SEMIFINALES,MaccMix MOTOVLOG,830,entretenimiento,medio,chart_canal,1,youtube_auto,1,6.3,1,0.54,1,1,1,1,81.6,0.617,0.143,6.3,23.03,0.5689,0.487,0.716,4.31,27.46,1.59,0.0,0.0,4.43,0.0,10.63,0.0,14.17,0.034,0.0,0.0,0,0.89,0.0,0.89,0.89,4,0,0,0,263,0,4,0.75,0.079,1.15,0,1.0,0,0,0,0,1,medio,sin_clasificar,perenne,declarativa,solo_enlaces_propios,bloque_continuo,transcripcion_automatica,es,Entertainment
333,9U2WLsdmWLs,🙍🏻‍♀️El problema diario de ir a clases | CHICAS estudiantes en Japón,Japatonic,849,entretenimiento,medio,busqueda_semilla,1,youtube_manual,0,150.3,0,1.06,1,1,1,1,159.4,0.22,0.034,,,0.5132,0.411,0.597,4.06,0.0,0.8,0.0,2.66,0.0,0.0,0.0,0.0,0.0,1.0,0.0,0.0,0,0.0,0.0,0.0,0.0,7,3,0,1,581,0,6,0.0,,,12,0.157,0,0,0,0,0,medio,sin_clasificar,perenne,declarativa,con_enlaces_externos,bloque_continuo,transcripcion_humana,es,Entertainment
334,9T8fzOo1eCA,Anne With An E de 1985 FINAL / Resumen en 23 MINUTOS,Moonblue,1413,entretenimiento,medio,busqueda_semilla,1,youtube_auto,1,15.0,1,1.31,1,1,1,1,196.6,0.168,0.021,15.0,0.22,0.5888,0.456,0.665,4.31,2.81,1.1,0.0,0.0,1.08,0.22,7.99,1.51,4.97,0.367,1.08,0.0,0,0.65,0.0,0.0,0.65,0,0,0,0,656,0,5,0.4,0.151,0.11,17,0.5,0,0,0,0,0,medio,resumen_evento,perecedero,declarativa,sin_enlaces,bloque_continuo,transcripcion_automatica,es,Entertainment
330,WCBacZ2S3Uw,REFORMA de CASA Duplex ANTES Y DESPUES,Los Hermanos Garcia Reformas,1656,entretenimiento,medio,busqueda_semilla,1,youtube_auto,1,3456.0,0,0.83,1,1,1,1,125.2,0.402,0.071,,,0.5777,0.468,0.617,4.38,16.78,1.36,0.0,0.0,2.03,0.29,15.91,0.29,6.37,0.115,1.45,0.0,0,0.0,0.0,0.0,0.0,4,1,0,1,1238,0,4,0.75,0.007,0.43,22,0.781,0,0,0,0,1,medio,sin_clasificar,perenne,declarativa,con_enlaces_externos,bloque_continuo,transcripcion_automatica,es,Entertainment
331,XF7mvqgQzvE,La HISTORIA de HADES | LA ENCICLOPEDIA DEL MAL 💀🔥,Cinema Club,1463,entretenimiento,medio,busqueda_semilla,1,youtube_auto,1,3696.0,0,1.01,1,1,1,1,151.6,0.182,0.02,,,0.5921,0.488,0.71,4.52,3.25,1.19,0.0,0.27,1.62,1.35,13.8,0.81,4.87,0.244,0.54,0.0,0,0.0,0.0,0.0,0.0,32,25,3,1,3240,0,3,1.0,0.005,0.81,25,0.919,0,0,0,0,1,medio,explicativo,perenne,declarativa,con_fuentes_verificables,bloque_continuo,transcripcion_automatica,es,Film & Animation
346,oFW6M-qVQzc,Historias Innecesarias: Travis el chimpancé y Charla Nash,Historias Innecesarias,1260,entretenimiento,medio,chart_canal,1,youtube_manual,0,16.3,1,1.18,1,1,1,1,177.5,0.169,0.024,16.3,3.76,0.6439,0.536,0.659,4.54,0.0,0.97,4.29,0.0,0.8,0.0,0.0,0.0,0.27,0.649,0.0,5.24,1,0.0,0.0,0.0,0.0,10,6,1,1,1876,11,6,0.5,0.021,1.58,18,0.102,0,0,0,0,0,medio,sin_clasificar,perenne,declarativa,con_fuentes_verificables,con_indice,transcripcion_humana,es,Entertainment
337,ddth4PxhN_E,Mi Primer Semana de Trabajo,Caro Trippar Vlogs,1360,entretenimiento,medio,chart_canal,1,youtube_auto,1,9.8,1,1.21,1,1,1,1,180.9,0.272,0.043,9.8,5.85,0.5632,0.468,0.612,4.08,26.83,1.76,0.0,0.0,1.71,0.0,16.34,0.24,8.54,0.082,0.0,0.0,0,0.0,0.0,0.24,0.0,12,7,0,1,1208,0,3,1.0,0.01,0.44,11,0.174,0,0,0,0,0,medio,sin_clasificar,perenne,declarativa,con_enlaces_externos,bloque_continuo,transcripcion_automatica,es,Entertainment
339,JrpA6snKdYc,📺TELENOVELA - CARRUSEL (1989) - CAPITULO 108 - Parte 1,CLASICOTV SLRC,1251,entretenimiento,medio,busqueda_semilla,1,youtube_auto,1,,0,0.51,1,1,1,1,76.2,0.429,0.119,,,0.5868,0.482,0.752,4.44,3.78,1.39,0.0,0.0,0.63,0.63,5.67,0.0,4.41,0.102,0.0,0.0,0,0.0,0.0,0.0,0.0,0,0,0,0,902,0,5,0.4,0.06,0.31,10,0.871,0,0,0,0,1,medio,sin_clasificar,perenne,declarativa,sin_enlaces,bloque_continuo,transcripcion_automatica,es,Entertainment
340,z6n6hFU1V2w,Picadillo de calabaza 🎃​ Palomitas con chocolate 🍫​ Cocina Abierta de Karlos Arguiñano,Cocina Abierta,1284,entretenimiento,medio,busqueda_semilla,1,youtube_auto,1,2766.0,0,0.86,1,1,1,1,129.3,0.257,0.023,,,0.5673,0.455,0.619,4.31,16.63,1.88,0.0,0.36,5.06,0.0,4.7,1.81,7.95,0.273,0.0,1.4,1,0.0,0.0,0.0,0.0,10,4,0,1,3699,5,8,0.625,0.033,2.42,19,0.086,0,0,0,0,0,medio,sin_clasificar,perenne,declarativa,con_enlaces_externos,con_indice,transcripcion_automatica,es,Entertainment
348,wb7f992aXRQ,NUNCA JUEGUES A LAS ESCONDIDAS CON ALEXA!!🚫 ELLA TE OBSERVA| Regina MH,Regina MH,819,entretenimiento,medio,busqueda_semilla,1,youtube_auto,1,933.0,0,0.91,1,1,1,1,136.7,0.311,0.036,,,0.5171,0.477,0.608,3.99,23.58,3.7,0.0,1.07,1.61,0.0,16.08,0.0,7.5,0.062,0.0,0.0,0,0.54,0.0,0.0,0.54,0,0,0,0,216,0,6,0.667,0.001,3.48,15,0.909,2,0,0,0,2,medio,sin_clasificar,perenne,declarativa,sin_enlaces,bloque_continuo,transcripcion_automatica,es,Entertainment
345,aTsASH_6C2Q,Sheep en la Gran Ciudad 🐑 EP 18 (Completo),Fantoons Nove,1328,entretenimiento,medio,busqueda_semilla,1,youtube_auto,1,6.5,1,0.7,1,1,1,1,104.5,0.316,0.022,6.5,20.31,0.6073,0.518,0.702,4.48,8.64,1.47,0.0,0.0,0.0,2.16,4.32,4.75,9.08,0.548,0.0,0.0,0,0.0,0.0,0.43,0.0,0,0,0,0,345,0,4,0.75,0.019,0.39,25,0.207,0,0,0,0,0,medio,conversacion_larga,perecedero,declarativa,sin_enlaces,bloque_continuo,transcripcion_automatica,es,Entertainment
343,Gq2MjVgwMdA,🇺🇸⚠️🇲🇽 ¿SE ACERCAN ATAQUES DE EE.UU. CONTRA CÁRTELES DENTRO DE MÉXICO?,Armapedia,1386,entretenimiento,medio,chart_canal,1,youtube_auto,1,18.4,1,1.07,1,1,1,1,159.9,0.317,0.085,18.4,2.71,0.6784,0.539,0.739,5.28,4.33,2.82,5.14,0.81,1.9,1.08,5.14,5.14,1.35,3.049,0.0,0.0,0,0.0,0.0,0.27,0.0,8,1,0,1,1441,0,5,0.8,0.001,1.49,26,1.0,0,1,0,0,1,medio,sin_clasificar,perenne,pregunta,con_enlaces_externos,bloque_continuo,transcripcion_automatica,es,Entertainment
347,k8aOcGICUEw,Cochinita Pibil – Episodio 7 | Todos a la Cocina 2 | Discovery H&H,TLC Latinoamérica,1323,entretenimiento,medio,busqueda_semilla,1,youtube_auto,1,,0,0.94,1,1,1,1,140.4,0.269,0.022,,,0.5909,0.459,0.672,4.25,17.45,1.71,0.0,0.0,0.65,0.0,6.46,0.65,12.6,0.088,0.97,0.0,0,0.0,0.0,0.0,0.0,5,1,0,1,595,0,5,0.6,0.002,1.23,4,0.17,0,0,0,0,0,medio,conversacion_larga,perecedero,declarativa,con_enlaces_externos,bloque_continuo,transcripcion_automatica,es,Entertainment
354,ggslHZGoSIw,Gente Maravillosa | Cómo ven los peques la discapacidad,canalsur,790,entretenimiento,medio,busqueda_semilla,0,ninguna,0,,0,,0,1,1,0,,,,,,,,,,,,,,,,,,,,,0.0,0,,,,,7,3,0,1,924,0,4,,,,21,0.065,0,0,0,0,0,medio,opinion_review,perecedero,declarativa,con_enlaces_externos,bloque_continuo,sin_transcripcion,es,Entertainment
355,s3kW3j9aIRU,"【4K】LAS GRUTAS - VERANO 2025, Playas Patagónicas | Río Negro, Argentina",Martín Recorre,1691,entretenimiento,medio,busqueda_semilla,1,youtube_manual,0,18.4,1,0.04,0,1,1,0,5.9,2.796,0.86,18.4,0.0,0.6265,0.5,0.873,4.77,0.0,5.42,0.0,0.0,6.02,0.0,0.0,0.0,0.0,1.0,0.0,0.71,1,0.0,0.0,0.0,0.0,13,2,0,1,3066,2,7,0.429,0.018,5.42,27,0.42,0,0,0,0,0,medio,sin_clasificar,perecedero,declarativa,con_enlaces_externos,con_indice,transcripcion_parcial,es,Entertainment
352,oi6fklu4IsE,Comida Seca VS Comida Mojada,GONZOK,777,entretenimiento,medio,busqueda_semilla,1,youtube_auto,1,,0,0.27,0,1,1,0,40.6,0.653,0.154,,,0.6629,0.481,0.866,4.14,11.41,4.18,1.9,0.0,11.41,0.0,0.0,0.0,11.41,0.042,0.0,0.0,0,3.8,0.0,0.0,3.8,8,0,0,0,2146,0,4,1.0,0.017,2.28,13,0.25,0,0,0,0,0,medio,sin_clasificar,perecedero,declarativa,solo_enlaces_propios,bloque_continuo,transcripcion_parcial,es,Entertainment
358,KcQFauE6Jwg,THE LAST OF US: el MOMENTO que GLORIFICÓ al VIDEOJUEGO,ComicsYotros Pormenores,950,entretenimiento,medio,busqueda_semilla,1,youtube_auto,1,14.2,1,1.18,1,1,1,1,177.7,0.231,0.031,14.2,4.26,0.5603,0.46,0.629,4.43,4.98,1.56,0.0,0.0,0.36,0.36,18.48,0.0,6.04,0.076,0.36,0.0,0,0.0,0.0,0.36,0.0,6,1,0,1,1352,0,4,0.75,0.02,0.5,21,0.841,0,0,0,0,1,medio,resumen_evento,perenne,declarativa,con_enlaces_externos,bloque_continuo,transcripcion_automatica,es,Film & Animation
356,SJiJQ4oyUR0,NUEVA PALESTINA EN VIVO !!!/Vamos a la Guerra/Mayor Gloria/Tu Mano me esta Tocando/Abre tu corazón,Studio Digital mi Bonanza,1540,entretenimiento,medio,busqueda_semilla,1,youtube_auto,1,,0,0.29,0,1,1,0,44.0,0.425,0.096,,,0.5958,0.476,0.753,4.2,14.17,1.24,0.0,0.0,0.0,0.0,8.86,0.89,11.51,0.116,0.0,0.0,0,0.0,0.0,0.0,0.0,0,0,0,0,274,0,10,0.8,0.052,1.77,0,0.364,3,0,0,0,1,medio,directo,perecedero,declarativa,sin_enlaces,bloque_continuo,transcripcion_parcial,es,Music
359,nJeB0iSij8k,La Rosa de Guadalupe Capítulo 2023 UN ERROR DE TANTOS [Parte 1] Full HD,María Sandoval,1281,entretenimiento,medio,busqueda_semilla,1,youtube_auto,1,,0,0.94,1,1,1,1,141.6,0.323,0.047,,,0.5711,0.423,0.699,4.0,6.95,0.83,0.0,0.0,0.33,0.0,9.92,0.33,7.94,0.098,0.33,0.0,0,0.0,0.0,0.0,0.0,0,0,0,0,71,0,8,0.375,0.251,0.4,0,0.451,0,0,0,0,0,medio,sin_clasificar,perecedero,declarativa,sin_enlaces,bloque_continuo,transcripcion_automatica,es,Entertainment
105,vO4kYXmeZSw,Las mejores aplicaciones para Linux en 2026,PepoTech,498,informativo,corto,chart_canal,1,youtube_auto,1,18.4,1,1.59,1,1,1,1,239.0,0.091,0.0,18.4,1.51,0.6126,0.454,0.719,4.27,7.06,1.51,2.02,1.01,1.51,1.01,12.1,0.0,6.05,0.076,0.0,0.0,0,1.01,0.0,0.0,1.01,2,0,0,0,548,0,4,1.0,0.002,1.41,19,0.061,0,0,0,0,0,corto,lista_ranking,perecedero,declarativa,solo_enlaces_propios,bloque_continuo,transcripcion_automatica,es,Science & Technology
98,xxuybD9Xdig,#preicfes | PREGUNTA DE GEOMETRÍA,Matemáticas con Ever,130,informativo,corto,busqueda_semilla,1,youtube_auto,1,,0,0.8,1,1,1,1,120.0,0.362,0.2,,,0.4375,0.512,0.629,4.32,0.0,1.15,0.0,0.0,0.0,0.0,15.38,3.85,0.0,8.7,0.0,0.0,0,0.0,0.0,0.0,0.0,0,0,0,0,117,0,3,0.333,0.008,0.38,15,0.704,0,0,0,0,1,corto,divulgacion,perecedero,declarativa,sin_enlaces,bloque_continuo,transcripcion_automatica,es,Education
112,eUBq31GmXb4,Es asesinado un agente ministerial cuando iba de camino a su turno en Sonora,MILENIO,536,informativo,corto,busqueda_semilla,1,youtube_auto,1,,0,0.93,1,1,1,1,139.1,0.231,0.0,,,0.5655,0.469,0.647,4.72,13.68,1.29,0.0,0.0,1.61,0.0,7.24,0.0,5.63,0.082,0.0,0.0,0,0.0,0.0,0.0,0.0,7,1,0,1,635,0,6,0.833,0.001,2.25,18,0.032,0,0,0,0,0,corto,actualidad,perecedero,declarativa,con_enlaces_externos,bloque_continuo,transcripcion_automatica,es,News & Politics
126,PGcRYpd1oA0,"COMO REPARAR POLINCHADORA DEWALT DWPX849, PROBLEMA REGULACION DE VELOCIDAD",ELECTROMAQUINAS,201,informativo,corto,busqueda_semilla,1,youtube_auto,1,,0,0.85,1,1,1,1,127.8,0.117,0.0,,,0.534,0.47,0.757,5.05,16.36,1.64,0.0,0.0,0.0,0.0,11.68,0.0,4.67,0.097,0.0,0.0,0,4.67,0.0,0.0,4.67,0,0,0,0,84,0,7,0.286,0.086,0.93,0,1.0,0,0,0,0,1,corto,instructivo,perenne,imperativa,sin_enlaces,bloque_continuo,transcripcion_automatica,es,Science & Technology
121,k26erHMvs3Q,🔴🔵Verano 2025: Familias disfrutan de un día en la playa sin olvidar el uso del protector solar,Exitosa Noticias,236,informativo,corto,busqueda_semilla,1,youtube_auto,1,664.0,0,1.13,1,1,1,1,168.8,0.13,0.0,,,0.5095,0.495,0.68,4.71,7.53,1.51,0.0,0.0,3.01,1.51,4.52,0.0,6.02,0.077,1.51,0.0,0,0.0,0.0,0.0,0.0,5,1,0,1,733,0,8,0.625,0.012,6.78,16,0.028,0,0,0,0,0,corto,directo,perecedero,declarativa,con_enlaces_externos,bloque_continuo,transcripcion_automatica,es,News & Politics
109,2COfH9_XiGQ,Cómo rootear cualquier celular de Xiaomi fácil y rápido!!!,David Larra,545,informativo,corto,busqueda_semilla,1,youtube_auto,1,,0,1.31,1,1,1,1,196.1,0.255,0.053,,,0.5605,0.432,0.688,4.34,15.72,1.52,0.0,0.0,1.12,0.0,9.55,2.81,8.98,0.349,0.56,0.0,0,0.0,0.0,0.0,0.0,4,2,0,1,896,0,6,0.667,0.03,1.29,1,0.043,3,0,0,0,1,corto,instructivo,perenne,imperativa,con_enlaces_externos,bloque_continuo,transcripcion_automatica,es,Science & Technology
116,gXNnDZZh6fs,Comparativa de Seguro de Vivienda: La Verdad sobre RCE y ACV!,WeInsure Casanova Group,152,informativo,corto,busqueda_semilla,1,youtube_auto,1,,0,1.05,1,1,1,1,157.9,0.55,0.167,,,0.504,0.455,0.757,4.46,5.0,1.5,0.0,0.0,0.0,0.0,2.5,5.0,0.0,11.0,2.5,0.0,0,2.5,0.0,0.0,2.5,1,1,0,1,2467,0,4,0.5,0.048,0.5,16,0.224,1,0,1,0,2,corto,divulgacion,perenne,declarativa,con_enlaces_externos,bloque_continuo,transcripcion_automatica,es,Education
101,3R1tljlGfqo,Tu número de teléfono puede ser anónimo y no lo sabes,Tokin Privacy,393,informativo,corto,busqueda_semilla,1,youtube_auto,1,,0,1.24,1,1,1,1,185.6,0.417,0.143,,,0.6071,0.489,0.765,4.67,5.76,1.64,0.0,0.0,0.0,0.0,5.76,3.29,1.64,1.771,0.82,9.16,1,0.82,0.0,0.82,0.82,7,1,0,1,2652,6,4,1.0,0.008,2.88,19,0.023,0,0,0,0,0,corto,divulgacion,perenne,declarativa,con_enlaces_externos,con_indice,transcripcion_automatica,es,Education
97,1Xbk4TNAR9Q,"FACUNDO MOYANO IMPUTADO: ""TENGO ERRORES COMO CUALQUIERA"", DIJO CANDELA ARIZAGA  #TELEFENOTICIAS",Telefe Noticias,264,informativo,corto,chart_canal,1,youtube_auto,1,15.9,1,1.13,1,1,1,1,169.3,0.203,0.0,15.9,5.37,0.5668,0.427,0.751,4.25,36.24,1.34,0.0,0.0,4.03,2.68,13.42,1.34,4.03,0.406,0.0,0.0,0,0.0,0.0,1.34,0.0,8,1,0,1,996,0,10,0.6,0.008,2.55,11,1.0,0,0,0,0,1,corto,actualidad,perenne,declarativa,con_enlaces_externos,bloque_continuo,transcripcion_automatica,es,News & Politics
120,ri6qCHWZyGc,¡CUIDADO! Que no te cierren la PUERTA | P. José F. Hernández EP - Evangelio de hoy (26-oct-22),Heraldos del Evangelio,343,informativo,corto,busqueda_semilla,1,youtube_auto,1,,0,1.01,1,1,1,1,151.5,0.273,0.083,,,0.5346,0.461,0.715,4.32,3.46,0.81,0.0,0.0,0.0,0.0,3.46,0.0,13.86,0.035,0.0,0.0,0,1.15,0.0,0.0,1.15,5,1,1,1,1926,0,6,0.333,0.307,1.96,26,0.333,2,0,0,0,1,corto,divulgacion,perecedero,declarativa,con_fuentes_verificables,bloque_continuo,transcripcion_automatica,es,Education
128,rbRppr-7ozM,SISTEMAS ESTRUCTURALES  FORMA ACTIVA,Emmanuel Chan Che,122,informativo,corto,busqueda_semilla,1,youtube_auto,1,,0,0.8,1,1,1,1,119.5,0.548,0.2,,,0.5,0.457,0.778,4.74,4.12,2.88,0.0,0.0,8.23,0.0,4.12,0.0,4.12,0.108,0.0,0.0,0,0.0,0.0,0.0,0.0,0,0,0,0,169,0,4,1.0,0.008,4.12,8,1.0,0,0,0,0,1,corto,divulgacion,perenne,declarativa,sin_enlaces,bloque_continuo,transcripcion_automatica,es,Education
113,PIkCuuVLCSI,¿Abuso policial en México? Hay casos donde la policía ha matado a personas,Azteca Noticias,259,informativo,corto,busqueda_semilla,1,youtube_auto,1,326.5,0,1.01,1,1,1,1,151.3,0.211,0.0,,,0.597,0.462,0.811,4.54,16.85,3.52,3.06,1.53,10.72,0.0,10.72,1.53,3.06,0.57,1.53,0.0,0,0.0,0.0,0.0,0.0,1,1,0,1,762,0,7,0.857,0.0,3.06,31,0.05,0,1,0,0,0,corto,directo,perecedero,pregunta,con_enlaces_externos,bloque_continuo,transcripcion_automatica,es,News & Politics
106,SAfFkquO38k,"Netanyahu rechaza el ""plan de paz"" de Donald Trump para la Franja de Gaza",FRANCE 24 Español,150,informativo,corto,chart_canal,1,youtube_auto,1,23.4,1,1.0,1,1,1,1,150.0,0.063,0.0,23.4,0.0,0.615,0.541,0.804,4.89,0.0,2.67,2.67,0.0,13.33,0.0,0.0,2.67,10.67,0.284,0.0,0.0,0,0.0,0.0,0.0,0.0,11,11,0,1,1115,0,7,1.0,0.024,4.8,10,0.086,0,0,0,0,0,corto,actualidad,perenne,declarativa,con_enlaces_externos,bloque_continuo,transcripcion_automatica,es,News & Politics
124,0YvywqrQ9_w,ÚLTIMA HORA | Ataque masivo con drones: La ofensiva que hace saltar por los aires la tregua en Ormuz,Negocios TV,201,informativo,corto,chart_canal,1,youtube_manual,0,29.4,1,1.05,1,1,1,1,157.9,0.203,0.0,29.4,0.0,0.5807,0.544,0.745,5.3,3.78,2.84,0.0,0.0,5.67,9.45,9.45,1.89,0.0,4.78,3.78,0.0,0,0.0,0.0,0.0,0.0,0,0,0,0,1326,0,10,0.3,0.034,1.7,32,0.163,0,0,0,0,0,corto,actualidad,perecedero,declarativa,sin_enlaces,bloque_continuo,transcripcion_humana,es,News & Politics
493,6ZAlgJyDbys,Optimización Aether SX2 Juega CUALQUIER JUEGO de Play Station 2 con Android Gama Media,MovilAndroide,196,informativo,corto,busqueda_semilla,1,youtube_manual,0,,0,0.91,1,1,1,1,136.8,0.307,0.0,,,0.614,0.488,0.778,4.59,17.9,2.68,0.0,6.71,0.0,2.24,8.95,2.24,2.24,1.0,8.95,0.0,0,0.0,0.0,0.0,0.0,17,3,0,1,1669,0,10,0.6,0.065,2.46,9,0.338,0,0,0,0,0,corto,divulgacion,perenne,declarativa,con_enlaces_externos,bloque_continuo,transcripcion_humana,es,Science & Technology
104,p4Z4t75NlnY,Mientras llora mi guitarra,monerohernandez,284,informativo,corto,busqueda_semilla,0,ninguna,0,,0,,0,1,1,0,,,,,,,,,,,,,,,,,,,,,0.0,0,,,,,0,0,0,0,223,0,3,,,,0,0.043,0,0,0,0,0,corto,actualidad,perenne,declarativa,sin_enlaces,bloque_continuo,sin_transcripcion,es,News & Politics
102,nzPEPNxk1OI,TRUMP ANUNCIA ACUERDOS QUE NUNCA SE CUMPLEN 🤝💥,Marcelo Longobardi,579,informativo,corto,chart_canal,1,youtube_auto,1,15.5,1,0.93,1,1,1,1,139.6,0.203,0.0,15.5,41.57,0.565,0.466,0.75,4.32,49.0,2.08,0.0,0.0,0.0,2.23,8.91,0.74,8.91,0.132,0.0,0.0,0,0.0,0.0,0.74,0.0,7,1,0,1,1528,0,5,0.8,0.004,1.34,28,1.0,0,0,0,0,1,corto,resumen_evento,perecedero,declarativa,con_enlaces_externos,bloque_continuo,transcripcion_automatica,es,News & Politics
100,mDsdKSXXTlc,"ARTURO PUIG: “ESTÁ BUENO LLEGAR A ESTA EDAD, ESTAR TRABAJANDO Y ESTAR ACTIVO”",Infobae,165,informativo,corto,chart_canal,1,youtube_auto,1,8.8,1,0.96,1,1,1,1,144.0,0.263,0.0,8.8,35.35,0.5513,0.391,0.798,3.92,22.73,1.52,0.0,0.0,0.0,0.0,12.63,2.53,0.0,6.06,0.0,0.0,0,0.0,0.0,5.05,0.0,6,1,0,1,317,0,7,0.857,0.356,2.53,18,1.0,0,0,0,0,1,corto,conversacion_larga,perenne,declarativa,con_enlaces_externos,bloque_continuo,transcripcion_automatica,es,News & Politics
103,zJsbAg3QEqo,Pastor evangélico es acusado por su hija de ultrajarla y embarazarla cuando era menor de edad,ATV Noticias,376,informativo,corto,busqueda_semilla,1,youtube_auto,1,17.2,1,1.01,1,1,1,1,151.0,0.149,0.0,17.2,4.23,0.6093,0.485,0.751,4.42,5.29,4.12,3.17,0.0,22.2,3.17,10.57,0.0,5.29,0.086,0.0,0.0,0,1.06,0.0,0.0,1.06,5,1,0,1,484,0,8,0.75,0.055,2.33,0,0.013,0,0,0,0,0,corto,actualidad,perenne,declarativa,con_enlaces_externos,bloque_continuo,transcripcion_automatica,es,News & Politics
99,S6KFL6j7dkw,ÚLTIMA HORA CEUTA🔴LOS AVISOS DEL CNI SOBRE LA INVASIÓN QUE TIENEN QUE LLEVAR A PRISIÓN A MARLASKA🔴,DISTRITOTV,474,informativo,corto,chart_canal,1,youtube_auto,1,20.4,1,1.16,1,1,1,1,173.3,0.203,0.0,20.4,8.77,0.5329,0.437,0.703,4.22,12.42,1.53,0.0,0.0,4.38,0.0,10.23,0.73,5.11,0.219,2.19,0.0,0,0.0,0.0,0.73,0.0,9,3,0,1,1309,0,8,0.375,0.018,0.66,39,1.0,0,0,0,0,1,corto,directo,perecedero,declarativa,con_enlaces_externos,bloque_continuo,transcripcion_automatica,es,News & Politics
108,jrZJehm5dCA,Y Tú Sabes Cuánto Consume Tu Ducha Eléctrica,OREGOL,183,informativo,corto,busqueda_semilla,1,youtube_auto,1,401.0,0,0.88,1,1,1,1,131.5,0.391,0.143,,,0.527,0.461,0.661,4.61,9.98,6.48,0.0,0.0,0.0,0.0,0.0,4.99,2.49,1.836,2.49,0.0,0,2.49,0.0,0.0,2.49,0,0,0,0,536,0,5,0.8,0.005,3.49,0,0.216,0,0,0,0,0,corto,divulgacion,perenne,declarativa,sin_enlaces,bloque_continuo,transcripcion_automatica,es,Science & Technology
107,lW3SzuFcBxo,COMO ENCONTRAR UN iPhone PERDIDO AUNQUE ESTE SIN CONEXION,Jorge Fince Tips,226,informativo,corto,busqueda_semilla,1,youtube_auto,1,515.0,0,0.91,1,1,1,1,136.7,0.377,0.125,,,0.4779,0.452,0.677,4.81,9.71,0.19,0.0,0.0,0.0,1.94,7.77,0.0,5.83,0.079,5.83,0.0,0,0.0,0.0,0.0,0.0,2,1,0,1,564,0,5,1.0,0.002,6.21,12,0.898,0,0,0,0,1,corto,instructivo,perenne,imperativa,con_enlaces_externos,bloque_continuo,transcripcion_automatica,es,Science & Technology
110,2nkyCTws3OY,"Si eres ADMINISTRADOR de un grupo de WhatsApp, tienes que saber estos TRUCOS 🔥",Genius Manu,528,informativo,corto,chart_canal,1,youtube_auto,1,26.6,1,1.17,1,1,1,1,175.5,0.186,0.056,26.6,0.65,0.5324,0.446,0.618,4.57,6.48,1.1,0.0,0.0,0.0,0.0,18.78,0.65,7.77,0.139,0.65,13.64,1,0.0,0.0,0.0,0.0,10,3,0,1,2379,12,7,0.714,0.001,3.76,5,0.349,0,0,0,0,0,corto,divulgacion,perenne,declarativa,con_enlaces_externos,con_indice,transcripcion_automatica,es,Science & Technology
115,f8yHB8mjOYE,Pregunta 6 ‐ Competencia 4,"MATH ""HP""",312,informativo,corto,busqueda_semilla,1,youtube_auto,1,,0,0.64,1,1,1,1,96.3,0.509,0.182,,,0.4621,0.373,0.663,4.16,9.98,14.57,0.0,0.0,2.0,0.0,9.98,0.0,3.99,0.111,2.0,0.0,0,0.0,0.0,0.0,0.0,0,0,0,0,53,0,2,0.5,0.004,0.2,0,0.105,0,0,0,0,0,corto,divulgacion,perenne,declarativa,sin_enlaces,bloque_continuo,transcripcion_automatica,es,Education
114,9n-zjI5VCmg,Polémica por contratos de la Agencia de Desarrollo Rural durante el cambio de Gobierno,Blu Radio,584,informativo,corto,chart_canal,1,youtube_auto,1,19.2,1,1.16,1,1,1,1,173.4,0.148,0.0,19.2,4.74,0.6048,0.489,0.755,4.94,2.96,2.55,0.0,0.59,8.89,3.55,2.37,0.0,1.78,0.219,0.0,0.0,0,0.0,0.0,0.0,0.0,13,1,0,1,1919,0,7,0.857,0.031,0.59,17,0.068,0,0,0,0,0,corto,directo,perecedero,declarativa,con_enlaces_externos,bloque_continuo,transcripcion_automatica,es,News & Politics
111,-yPqjq6N1NA,No Se Puede Usar El Caldo Donde Se Hierve La Lengua De Vaca | Chef Naye,La Chef Naye,182,informativo,corto,busqueda_semilla,1,youtube_auto,1,,0,1.25,1,1,1,1,187.3,0.408,0.143,,,0.5031,0.405,0.704,4.25,19.37,1.94,0.0,0.0,1.76,0.0,7.04,3.52,0.0,8.04,0.0,0.0,0,3.52,0.0,0.0,3.52,8,0,0,0,1399,0,7,0.429,0.025,5.81,11,0.273,0,0,0,0,0,corto,explicativo,perenne,imperativa,solo_enlaces_propios,bloque_continuo,transcripcion_automatica,es,Education
122,XWKFHPjQQ5A,🇷🇺🇺🇦 ÚLTIMO MOMENTO DE LA GUERRA | Las imágenes y los hechos más relevantes del Martes 17/02/26,Canal 26,316,informativo,corto,busqueda_semilla,1,youtube_auto,1,27.7,1,0.6,1,1,1,1,89.4,0.5,0.091,27.7,0.0,0.605,0.544,0.815,4.97,6.37,2.34,2.12,0.0,4.25,19.11,2.12,0.0,0.0,1.0,0.0,0.0,0,0.0,0.0,0.0,0.0,7,1,0,1,566,0,7,0.286,0.125,1.27,17,0.379,0,0,0,0,0,corto,actualidad,perecedero,declarativa,con_enlaces_externos,bloque_continuo,transcripcion_automatica,es,News & Politics
123,hSYHACrFMtg,La Comunidad de Madrid compra un ático de lujo en Chamberí para que lo use Ayuso como “oficina”,GoFri colectivo creativo,156,informativo,corto,chart_canal,1,youtube_auto,1,25.9,1,1.33,1,1,1,1,199.2,0.343,0.167,25.9,1.93,0.5614,0.411,0.81,4.33,19.31,1.16,0.0,0.0,0.0,0.0,11.58,5.79,0.0,12.58,0.0,0.0,0,0.0,0.0,1.93,0.0,0,0,0,0,198,0,8,0.375,0.006,0.58,0,0.066,0,0,0,0,0,corto,actualidad,perenne,declarativa,sin_enlaces,bloque_continuo,transcripcion_automatica,es,News & Politics
117,7QiX_sDmPm0,👨‍🍳 Como Iniciar un Negocio de Comida desde Casa 🍔 Vender Comida,Yo Emprendo,506,informativo,corto,busqueda_semilla,1,youtube_auto,1,,0,1.26,1,1,1,1,189.2,0.142,0.0,,,0.6298,0.501,0.728,4.85,4.39,0.94,0.0,0.0,0.63,1.88,5.64,0.0,1.88,0.21,1.25,9.49,1,2.51,0.0,0.0,2.51,8,1,0,1,1378,0,6,0.8,0.013,3.32,17,0.143,0,0,0,0,0,corto,divulgacion,perenne,declarativa,con_enlaces_externos,con_indice,transcripcion_automatica,es,Education
118,G_ayGhjBsgI,TRUCO CHATGPT IMAGENES PROFESIONALES#ia #ai #chatgpt #bigdata #data #bilbao #prompting,maxmaxdata,128,informativo,corto,chart_canal,1,youtube_auto,1,14.0,1,1.53,1,1,0,1,230.2,0.318,0.2,14.0,2.04,0.6075,0.497,0.797,4.34,6.11,3.87,0.0,0.0,6.11,2.04,2.04,0.0,6.11,0.076,0.0,0.0,0,0.0,0.0,6.11,0.0,0,0,0,0,0,0,9,0.375,0.014,1.22,0,0.471,0,0,0,0,0,corto,divulgacion,perenne,declarativa,sin_enlaces,bloque_continuo,transcripcion_automatica,es,Science & Technology
119,jDMJQ-KtsGQ,LAS CIFRAS DE MENORES EN CEUTA NO SON LAS QUE DICE EL ESTADO,QUE ME CUENTAS ?,172,informativo,corto,chart_canal,1,youtube_auto,1,22.3,1,1.3,1,1,1,1,194.3,0.142,0.0,22.3,7.18,0.5713,0.433,0.664,4.32,23.34,5.21,1.8,0.0,3.59,0.0,8.98,0.0,1.8,0.217,0.0,0.0,0,0.0,0.0,0.0,0.0,0,0,0,0,31,0,4,0.75,0.011,2.87,2,1.0,0,0,0,0,1,corto,actualidad,perenne,declarativa,sin_enlaces,bloque_continuo,transcripcion_automatica,es,News & Politics
129,XuONSFMjDXs,resetear cualquier modem ha valores de fabrica,luzdedios,250,informativo,corto,busqueda_semilla,1,youtube_auto,1,,0,0.46,1,1,1,1,69.1,0.608,0.333,,,0.5525,0.448,0.781,4.65,38.19,0.69,0.0,0.0,0.0,0.0,0.0,0.0,3.47,0.126,0.0,0.0,0,0.0,0.0,0.0,0.0,0,0,0,0,356,0,5,1.0,0.052,5.56,18,0.0,0,0,0,0,0,corto,divulgacion,perenne,declarativa,sin_enlaces,bloque_continuo,transcripcion_automatica,es,Science & Technology
127,HYf1avoKJxQ,Puedo solito 🐻✨ Canción infantil para aprender a intentar y volver a empezar | Frog Kids,Frog Kids,162,informativo,corto,busqueda_semilla,1,youtube_auto,1,5.6,1,0.33,0,1,1,0,50.0,0.559,0.167,5.6,0.0,0.6222,0.607,0.727,4.23,0.0,0.0,0.0,0.0,0.0,0.0,7.41,0.0,0.0,1.0,0.0,0.0,0,0.0,0.0,0.0,0.0,0,0,0,0,641,0,10,0.3,0.333,10.37,12,0.057,0,0,0,0,0,corto,divulgacion,perenne,declarativa,sin_enlaces,bloque_continuo,transcripcion_parcial,es,Education
125,soTWFXz85Dc,Solución al problema de Samsung A21s que se queda en el logo al conectar el cargador,GlobalSystem32 Academy,256,informativo,corto,busqueda_semilla,1,youtube_auto,1,,0,1.06,1,1,1,1,158.9,0.217,0.111,,,0.5765,0.457,0.789,4.48,19.17,1.77,0.0,1.47,1.47,2.95,2.95,8.85,0.0,18.7,1.47,9.38,1,1.47,0.0,1.47,1.47,23,19,0,1,2138,0,8,0.625,0.024,1.62,2,0.045,0,0,0,0,0,corto,divulgacion,perenne,declarativa,con_enlaces_externos,con_indice,transcripcion_automatica,es,Science & Technology
180,DosDNq4fmDM,Coser el vestido de verano PERFECTO con bolsillos en 5 minutos,Gonzalo De Souza,2187,informativo,largo,busqueda_semilla,1,youtube_auto,1,1001.8,0,0.92,1,1,1,1,137.4,0.149,0.0,,,0.5243,0.433,0.55,4.16,16.57,2.85,0.0,0.4,0.0,0.0,12.98,0.0,2.6,0.161,1.2,0.0,0,0.6,0.0,0.0,0.6,7,7,0,1,1472,0,6,0.667,0.007,0.54,20,0.176,0,0,0,0,0,largo,divulgacion,perenne,declarativa,con_enlaces_externos,bloque_continuo,transcripcion_automatica,es,Education
183,Ze6Pd7H0vPU,T01 Ep10: MANUAL DEL RECIÉN CORTADO - SE DICE Y NO PASA NADA,El Pulso De La República,2398,informativo,largo,busqueda_semilla,1,youtube_auto,1,,0,0.93,1,1,1,1,139.6,0.252,0.037,,,0.5737,0.393,0.698,3.93,13.44,1.18,0.0,0.0,0.72,0.0,18.64,1.25,8.96,0.185,0.18,0.0,0,0.0,0.0,0.36,0.0,0,0,0,0,449,0,5,0.8,0.05,0.63,15,0.976,0,0,0,0,1,largo,conversacion_larga,perecedero,declarativa,sin_enlaces,bloque_continuo,transcripcion_automatica,es,News & Politics
181,MBWLsU-t1fQ,Conferencia de Nazareth Castellanos en la XX Semana de la Ciencia del Campus de Alcoy de la UPV,UPVCampusAlcoy,6258,informativo,largo,busqueda_semilla,1,youtube_auto,1,,0,1.03,1,1,1,1,154.1,0.164,0.005,,,0.5463,0.43,0.589,4.48,12.01,1.55,0.25,0.0,3.17,1.56,13.19,1.0,5.04,0.271,0.37,0.0,0,0.06,0.0,0.06,0.06,0,0,0,0,95,0,7,0.857,0.001,0.24,0,0.154,0,0,0,0,0,muy_largo,divulgacion,perenne,declarativa,sin_enlaces,bloque_continuo,transcripcion_automatica,es,Science & Technology
164,jtGcYxKEHqY,"Ceuta en el centro del debate: seguridad, investigación y política | El Cascabel (05/08/2026)",TRECE,9170,informativo,largo,chart_canal,1,youtube_auto,1,19.0,1,1.03,1,1,1,1,154.4,0.306,0.072,19.0,7.33,0.5669,0.455,0.588,4.47,23.18,1.84,0.93,0.08,1.36,0.76,10.08,1.4,5.76,0.304,1.23,0.0,0,0.0,0.0,0.21,0.0,5,1,0,1,2243,1,8,1.0,0.004,0.72,29,0.046,0,0,0,0,0,muy_largo,actualidad,perecedero,declarativa,con_enlaces_externos,bloque_continuo,transcripcion_automatica,es,News & Politics
188,rX_BRrV4-Qw,🔴 El Presto en PXLV:  ISLAM v.s EL PRESTO | CENSURA en el ejército  | Los ATAQUES a Messi,El Presto,9154,informativo,largo,chart_canal,1,youtube_auto,1,12.3,1,0.92,1,1,1,1,137.3,0.226,0.013,12.3,9.02,0.5737,0.46,0.608,4.39,17.81,1.7,0.81,0.91,2.91,0.67,10.17,1.43,7.78,0.233,0.24,0.0,0,0.33,0.0,0.14,0.33,0,0,0,0,3006,0,8,0.857,0.028,0.42,36,0.547,0,0,0,0,1,muy_largo,actualidad,perenne,declarativa,sin_enlaces,bloque_continuo,transcripcion_automatica,es,News & Politics
175,e0aaq7CPBZ0,🔴SANTIAGO CÚNEO EN VIVO con Tomás Méndez | TLN DENUNCIA - 13/7/26,Santiago Cúneo - Oficial,2113,informativo,largo,chart_canal,1,youtube_auto,1,10.4,1,1.16,1,1,1,1,173.9,0.23,0.042,10.4,16.5,0.5742,0.456,0.674,4.33,27.76,2.5,0.0,0.33,8.0,0.65,8.66,2.29,8.98,0.294,1.31,0.0,0,0.0,0.0,0.33,0.0,0,0,0,0,161,0,6,0.333,0.0,0.05,23,0.727,0,0,0,0,1,largo,conversacion_larga,perecedero,declarativa,sin_enlaces,bloque_continuo,transcripcion_automatica,es,News & Politics
173,v5NMz8BKpfo,🔴 DIRECTO | FERRÁN TORRES LLEGA A FOIOS,Diario ABC,1850,informativo,largo,chart_canal,1,youtube_auto,1,13.4,1,0.7,1,1,1,1,104.4,0.414,0.048,13.4,8.08,0.5525,0.473,0.715,4.06,15.23,1.99,0.31,0.0,0.31,0.31,5.9,0.0,6.84,0.068,0.0,0.0,0,0.0,0.0,1.55,0.0,8,2,0,1,699,0,5,0.6,0.214,1.15,5,1.0,0,0,0,0,1,largo,directo,perecedero,declarativa,con_enlaces_externos,bloque_continuo,transcripcion_automatica,es,News & Politics
195,Dy132Ifeq8Q,🔴 Parte final: Visiones sobre el anticristo de la Beata Anna Catalina Emmerick (Emmerich),"Ora et labora, ahora",2037,informativo,largo,busqueda_semilla,1,youtube_auto,1,,0,0.69,1,1,1,1,103.2,0.449,0.162,,,0.6042,0.508,0.733,4.53,3.14,1.83,0.86,0.0,0.57,0.57,1.43,0.29,4.28,0.165,0.0,0.0,0,0.0,0.0,0.0,0.0,3,0,0,0,447,0,9,0.556,0.019,0.51,1,0.097,0,0,0,0,0,largo,divulgacion,perecedero,declarativa,solo_enlaces_propios,bloque_continuo,transcripcion_automatica,es,Education
171,DTqTI8IBYWM,¡Deja de Perder Tiempo! Habla Inglés Rápido con Este Método Real [Funciona] ✅,Ingles en un Instante,8701,informativo,largo,busqueda_semilla,1,youtube_auto,1,,0,0.52,1,1,1,1,77.8,0.366,0.038,,,0.4309,0.471,0.252,4.1,1.06,1.62,0.0,0.09,0.53,0.0,0.27,0.44,0.53,0.913,0.27,0.0,0,0.09,0.0,0.0,0.09,0,0,0,0,1687,0,9,0.667,0.003,1.11,21,0.167,2,0,0,0,1,muy_largo,divulgacion,perenne,declarativa,sin_enlaces,bloque_continuo,transcripcion_automatica,es,Education
193,88rIfJ6gSA8,EL FEMICIDIO DE AGOSTINA: DESPECHO QUE MATA I A24,A24com,2992,informativo,largo,busqueda_semilla,1,youtube_auto,1,6871.0,0,0.92,1,1,1,1,137.8,0.171,0.0,,,0.5574,0.445,0.573,4.37,11.21,3.9,1.6,0.0,5.24,1.02,11.79,0.87,7.71,0.167,0.29,0.0,0,0.0,0.0,0.29,0.0,6,1,0,1,708,0,4,0.75,0.002,0.68,7,1.0,0,0,0,0,1,largo,actualidad,perecedero,declarativa,con_enlaces_externos,bloque_continuo,transcripcion_automatica,es,News & Politics
178,vO0HEsH-whk,iPhone 16 Pro Max vs Samsung S24 Ultra | ¡QUE HUMILLACIÓN!,Jade,1861,informativo,largo,chart_canal,1,youtube_auto,1,760.6,0,1.47,1,1,1,1,220.7,0.153,0.016,,,0.5978,0.466,0.627,4.38,9.2,4.11,0.29,1.46,5.41,0.0,10.08,2.63,5.99,0.482,0.44,3.87,1,0.88,0.0,0.0,0.88,11,2,0,1,934,12,4,1.0,0.009,2.89,5,0.488,2,0,0,0,1,largo,divulgacion,perecedero,declarativa,con_enlaces_externos,con_indice,transcripcion_automatica,es,Science & Technology
168,cksNWRuziMY,Ahora y en la Hora - FEB 16 - ENTREVISTA COMPLETA A RAFAEL LÓPEZ ALIAGA | Willax,Willax Television,2571,informativo,largo,busqueda_semilla,1,youtube_auto,1,11.5,1,1.23,1,1,1,1,184.1,0.147,0.0,11.5,22.82,0.5662,0.442,0.623,4.19,11.41,3.18,0.0,0.25,9.0,1.27,9.26,1.01,3.42,0.385,0.13,3.97,1,0.0,0.0,0.0,0.0,0,0,0,0,1521,16,8,0.5,0.0,0.63,19,0.712,0,0,0,0,1,largo,conversacion_larga,perecedero,declarativa,sin_enlaces,con_indice,transcripcion_automatica,es,News & Politics
186,1IBHxPG3JQQ,Qué son las constelaciones familiares | EP. 20 | Gente Con Buena Vibra | JoseLlegaAlto,José Gregorio Colmenarez,3209,informativo,largo,busqueda_semilla,1,youtube_auto,1,,0,0.94,1,1,1,1,141.3,0.133,0.0,,,0.5614,0.435,0.599,4.49,10.19,1.56,0.13,0.0,1.85,0.26,12.31,2.25,6.09,0.417,0.26,0.0,0,0.0,0.0,0.0,0.0,1,1,0,1,1398,0,6,0.833,0.0,1.26,19,0.152,0,0,0,0,0,largo,divulgacion,perenne,declarativa,con_enlaces_externos,bloque_continuo,transcripcion_automatica,es,Education
172,cJpevDDfJEs,LA HISTORIA DE MÉXICO 🇲🇽,Academia Libre,2100,informativo,largo,busqueda_semilla,1,youtube_manual,0,30.6,1,0.89,1,1,1,1,133.9,0.303,0.057,30.6,0.0,0.5546,0.533,0.67,5.19,2.77,2.5,12.16,0.0,4.69,0.64,2.99,0.43,0.43,1.0,0.0,0.0,0,0.0,0.0,0.0,0.0,3,3,1,1,1642,0,2,1.0,0.01,1.71,18,1.0,0,0,0,0,1,largo,resumen_evento,perecedero,declarativa,con_fuentes_verificables,bloque_continuo,transcripcion_humana,es,Education
192,cmlkcAlu69o,Aprende a derivar con este video | 50 DERIVADAS parte 2 | Reglas no algebraicas,math2me,6056,informativo,largo,busqueda_semilla,1,youtube_auto,1,,0,0.96,1,1,1,1,144.4,0.153,0.0,,,0.479,0.431,0.471,4.05,24.37,4.97,0.0,0.0,0.0,0.34,12.08,0.69,1.85,0.506,0.34,0.99,1,0.21,0.0,0.21,0.21,1,0,0,0,630,11,7,0.857,0.001,1.17,14,0.183,0,0,0,0,0,muy_largo,conversacion_larga,perenne,imperativa,solo_enlaces_propios,con_indice,transcripcion_automatica,es,Education
185,MZDFTt7s_uE,EL CHABOLISMO EN BILBAO. Cuando la ciudad crecía en la oscuridad. bilbao arquitectura 063,bilbao arquitectura,2023,informativo,largo,busqueda_semilla,1,youtube_auto,1,512.3,0,0.71,1,1,1,1,106.4,0.515,0.206,,,0.6215,0.496,0.741,4.89,3.35,2.65,4.74,0.84,5.86,3.63,3.35,0.84,2.23,0.491,1.12,0.0,0,0.0,0.0,0.0,0.0,0,0,0,0,645,0,7,0.667,0.008,1.81,10,0.296,0,0,0,0,0,largo,divulgacion,perenne,declarativa,sin_enlaces,bloque_continuo,transcripcion_automatica,es,Education
182,wgYfvxdld9g,CUANDO EL ESPÍRITU SANTO ACTUA EN TU VIDA Dr. Ricardo Castañón,ALMA CATOLICA,8225,informativo,largo,busqueda_semilla,1,youtube_auto,1,12.8,1,0.77,1,1,1,1,115.2,0.175,0.004,12.8,7.28,0.576,0.437,0.606,4.24,5.26,2.05,0.25,0.44,3.23,0.63,13.11,0.32,4.75,0.156,0.06,0.0,0,0.0,0.0,0.25,0.0,0,0,0,0,508,0,6,1.0,0.006,2.25,16,0.725,0,0,0,0,1,muy_largo,divulgacion,perenne,declarativa,sin_enlaces,bloque_continuo,transcripcion_automatica,es,Education
184,prcsB9WmVis,CAYETANA ACOJONA AL REY y LEONOR ¡¡SÁNCHEZ QUIERE QUE SEÁIS SU ÚLTIMO CADÁVER POLÍTICO!!,El Periodista Camorrista,2078,informativo,largo,chart_canal,1,youtube_auto,1,19.5,1,1.11,1,1,1,1,165.8,0.17,0.014,19.5,11.67,0.5616,0.452,0.632,4.58,13.41,2.16,0.7,0.0,2.26,0.87,10.97,1.57,3.13,0.57,0.52,0.0,0,0.52,0.0,0.17,0.52,10,1,0,1,2004,0,9,0.556,0.019,0.52,0,0.986,4,0,0,0,2,largo,actualidad,perenne,declarativa,con_enlaces_externos,bloque_continuo,transcripcion_automatica,es,News & Politics
163,9vuV3ziQe0U,CONTPAQi® Nóminas: Semana Reducida,PCSOLUCION Capacitaciones,7155,informativo,largo,busqueda_semilla,1,youtube_auto,1,1066.7,0,0.89,1,1,1,1,134.2,0.305,0.067,,,0.5289,0.425,0.52,4.2,14.06,4.2,0.81,0.5,2.94,0.75,6.5,0.69,5.31,0.205,2.0,0.0,0,0.0,0.0,0.56,0.0,1,1,0,1,81,0,4,0.75,0.004,1.52,0,0.345,0,0,0,0,0,muy_largo,divulgacion,perenne,declarativa,con_enlaces_externos,bloque_continuo,transcripcion_automatica,es,Education
177,nPu_n7S7jUg,Magdalena Claro - #Educarconsentido Ep 07 Temp 04,Faro Digital,2677,informativo,largo,busqueda_semilla,1,youtube_auto,1,,0,0.93,1,1,1,1,139.1,0.164,0.011,,,0.5367,0.398,0.616,4.66,11.28,1.55,0.64,0.0,1.29,1.13,8.54,4.35,4.99,0.883,0.32,0.0,0,0.0,0.0,0.0,0.0,0,0,0,0,266,0,4,0.5,0.009,0.16,0,0.139,0,0,0,0,0,largo,divulgacion,perenne,declarativa,sin_enlaces,bloque_continuo,transcripcion_automatica,es,Education
165,1-l1hB7tM5M,IRAK: EL AS BAJO LA MANGA DE TEHERÁN - @SoloFonseca,Solo Fonseca,2937,informativo,largo,chart_canal,1,youtube_auto,1,16.3,1,1.27,1,1,1,1,189.8,0.111,0.0,16.3,5.6,0.6251,0.483,0.639,4.54,9.04,2.53,2.58,0.22,3.01,0.32,15.18,1.08,5.92,0.246,0.65,0.0,0,0.65,0.11,0.54,0.75,14,11,7,1,3733,0,5,0.2,0.001,0.68,23,0.769,0,0,0,0,1,largo,actualidad,perecedero,declarativa,con_fuentes_verificables,bloque_continuo,transcripcion_automatica,es,News & Politics
166,jL-UD0zuAyk,Duerme con enseñanzas budistas que CAMBIAN LA VIDA — historias Zen para un SUEÑO PROFUNDO,Sabidurías del Budismo,5762,informativo,largo,busqueda_semilla,1,youtube_auto,1,12.4,1,0.92,1,1,1,1,137.3,0.109,0.005,12.4,4.63,0.6236,0.528,0.586,4.96,5.16,1.32,0.0,0.0,3.87,0.53,3.49,1.9,6.75,0.331,0.23,0.0,0,0.0,0.0,0.0,0.0,0,0,0,0,1122,0,8,0.875,0.002,0.37,0,0.378,0,0,0,0,0,muy_largo,divulgacion,perenne,declarativa,sin_enlaces,bloque_continuo,transcripcion_automatica,es,Education
174,KSgcIb8n05g,Manifiesta hoy el mejor año de tu vida ( QUANTUM BOARD ),Rodrigo Macías ,4698,informativo,largo,busqueda_semilla,1,youtube_auto,1,12.4,1,0.82,1,1,1,1,123.4,0.311,0.045,12.4,10.87,0.5484,0.417,0.571,4.17,9.83,3.58,1.86,0.21,1.86,0.1,11.59,0.1,4.55,0.119,0.31,0.0,0,0.31,0.0,0.21,0.31,4,3,0,1,1404,0,5,1.0,0.005,0.71,17,0.302,0,0,1,0,1,muy_largo,conversacion_larga,perecedero,declarativa,con_enlaces_externos,bloque_continuo,transcripcion_automatica,es,Education
167,Sv9SZWUtN70,BIOLOGIA ENFERMEDADES SEMANA 11,Academia Acadia,6429,informativo,largo,busqueda_semilla,1,youtube_auto,1,11612.0,0,0.72,1,1,0,1,108.4,0.245,0.014,,,0.5293,0.461,0.584,4.5,11.37,2.12,0.0,0.09,1.21,0.26,7.75,0.78,3.53,0.318,0.52,0.0,0,0.09,0.0,0.26,0.09,0,0,0,0,0,0,3,1.0,0.042,0.37,0,1.0,0,0,0,0,1,muy_largo,divulgacion,perenne,declarativa,sin_enlaces,bloque_continuo,transcripcion_automatica,es,Education
169,Uyp22IY5sdY,BERLÍN 1945 – El Asalto Final del Ejército Rojo | Documental Completo,Historia Del Mundo,4618,informativo,largo,busqueda_semilla,1,youtube_auto,1,18.6,1,0.78,1,1,1,1,116.7,0.154,0.013,18.6,0.78,0.6813,0.582,0.656,5.32,2.23,2.21,1.23,0.0,3.45,0.11,2.78,0.22,1.56,0.35,0.11,0.0,0,0.33,0.0,0.0,0.33,0,0,0,0,987,0,8,1.0,0.0,1.83,21,0.25,0,0,0,0,0,muy_largo,divulgacion,perecedero,declarativa,sin_enlaces,bloque_continuo,transcripcion_automatica,es,Education
176,I_UC5CGGhWY,SALMO 23 – 7 Veces Para Activar la Abundancia de Dios AHORA | Oración Profética de Prosperidad,Eterno Ahora,3141,informativo,largo,busqueda_semilla,1,youtube_auto,1,14.9,1,0.88,1,1,1,1,131.9,0.095,0.0,14.9,0.0,0.6123,0.525,0.494,4.67,7.53,0.97,0.0,0.0,0.0,0.0,5.94,1.45,10.72,0.174,0.0,0.0,0,0.43,0.0,0.14,0.43,0,0,0,0,2864,0,9,0.889,0.001,2.1,20,0.247,0,0,0,0,0,largo,divulgacion,perenne,declarativa,sin_enlaces,bloque_continuo,transcripcion_automatica,es,Education
170,A04AK4ivQk4,Arriba Bogotá 2 de diciembre: Desmantelan banda delincuencial 'Los Pájaros'  | El Tiempo,EL TIEMPO,6755,informativo,largo,busqueda_semilla,1,youtube_auto,1,2193.3,0,0.91,1,1,1,1,136.4,0.394,0.173,,,0.5826,0.478,0.591,4.76,13.22,2.68,0.65,0.26,10.23,1.76,6.97,0.65,3.26,0.306,0.33,0.0,0,2.08,0.0,0.72,2.08,9,1,0,1,1207,0,9,0.667,0.0,1.38,23,0.1,0,0,0,0,0,muy_largo,resumen_evento,perecedero,declarativa,con_enlaces_externos,bloque_continuo,transcripcion_automatica,es,News & Politics
179,3mgLgCr0FmU,"Cuando descubras esto, verás el mundo de otra forma",El Canal del Coronel,6233,informativo,largo,chart_canal,1,youtube_auto,1,17.4,1,1.06,1,1,1,1,158.3,0.172,0.0,17.4,15.45,0.5275,0.436,0.584,4.38,26.88,1.31,0.12,0.12,2.31,0.73,13.38,1.22,5.66,0.279,0.73,0.0,0,0.0,0.0,0.12,0.0,1,1,0,1,1032,0,4,0.5,0.029,0.3,13,0.024,0,0,0,0,0,muy_largo,actualidad,perenne,declarativa,con_enlaces_externos,bloque_continuo,transcripcion_automatica,es,News & Politics
194,DQr7KnkpeMo,Esa Es La Pregunta 07: Alberto Vázquez,Carlos Díaz PR,2430,informativo,largo,busqueda_semilla,1,youtube_auto,1,6450.0,0,1.06,1,1,1,1,159.3,0.163,0.012,,,0.5318,0.41,0.621,4.38,13.64,1.19,0.0,0.0,2.17,0.31,12.56,1.24,6.82,0.238,0.16,0.0,0,0.0,1.4,0.31,1.4,0,0,0,0,371,0,3,1.0,0.008,0.16,0,0.207,0,0,0,0,0,largo,actualidad,perenne,declarativa,sin_enlaces,bloque_continuo,transcripcion_automatica,es,News & Politics
187,mpb7zwAuTbY,"✅PROGRAMA 07/08 ""inteligencia U. E. tiene pruebas que Rabat orquestó la invasión y avisó a Sánchez""",Castillon Confidencial,3374,informativo,largo,chart_canal,1,youtube_auto,1,14.5,1,0.94,1,1,1,1,140.7,0.241,0.035,14.5,10.74,0.6011,0.465,0.659,4.41,21.61,2.4,0.76,0.13,3.54,1.01,9.35,0.88,8.21,0.158,0.13,0.0,0,0.13,0.25,0.0,0.38,9,2,0,1,899,0,8,0.875,0.006,0.43,38,0.162,0,0,0,0,0,largo,conversacion_larga,perecedero,declarativa,con_enlaces_externos,bloque_continuo,transcripcion_automatica,es,News & Politics
191,ra-3OS5cC98,Viaje más allá de la Vía Láctea.,Kosmo ES,4304,informativo,largo,busqueda_semilla,1,youtube_auto,1,329.0,0,0.98,1,1,1,1,146.8,0.162,0.007,,,0.6073,0.496,0.563,4.84,4.27,4.79,2.09,0.47,15.01,2.94,7.31,4.27,1.9,1.987,0.19,1.12,1,0.0,0.0,0.47,0.0,4,0,0,0,1237,8,2,1.0,0.006,0.34,29,0.12,0,0,0,0,0,muy_largo,conversacion_larga,perenne,declarativa,solo_enlaces_propios,con_indice,transcripcion_automatica,es,Education
189,e4GCeGYwBLM,"Hablando Claro - Con Gustavo Araya, politólogo",Columbia Digital,3545,informativo,largo,busqueda_semilla,1,youtube_manual,0,21.6,1,1.05,1,1,1,1,157.2,0.196,0.017,21.6,9.15,0.5657,0.452,0.601,4.58,29.6,2.12,0.0,0.22,1.61,1.29,11.63,2.48,3.44,0.756,1.61,0.0,0,0.0,0.0,0.11,0.0,0,0,0,0,46,0,5,0.8,0.016,0.85,7,0.132,0,0,0,0,0,largo,actualidad,perecedero,declarativa,sin_enlaces,bloque_continuo,transcripcion_humana,es,News & Politics
190,2pnE3BhrzHU,Ahora Es Cuando: Martes 17 de Febrero,Radio Infinita ,7663,informativo,largo,busqueda_semilla,1,youtube_auto,1,20.7,1,0.94,1,1,1,1,140.6,0.505,0.191,20.7,5.85,0.5826,0.459,0.608,4.58,24.56,2.93,3.73,2.0,3.56,1.45,13.64,2.12,3.23,0.702,0.61,0.0,0,0.0,0.0,0.22,0.0,0,0,0,0,55,0,3,1.0,0.0,0.13,0,0.179,0,0,0,0,0,muy_largo,actualidad,perenne,declarativa,sin_enlaces,bloque_continuo,transcripcion_automatica,es,News & Politics
143,gxcyVh1oR5w,"iPhone 18 Pro filtrado, Siri AI en Europa y más noticias Apple",La Manzana Mordida - Todo sobre Apple,1104,informativo,medio,chart_canal,1,youtube_auto,1,23.3,1,1.27,1,1,1,1,190.9,0.099,0.0,23.3,4.27,0.6343,0.5,0.616,4.67,14.24,2.33,0.85,0.0,0.85,1.99,18.79,1.99,3.42,0.635,1.42,4.89,1,0.28,0.0,0.57,0.28,27,8,0,1,4199,9,6,0.833,0.002,2.33,20,0.146,0,0,0,0,0,medio,divulgacion,perecedero,declarativa,con_enlaces_externos,con_indice,transcripcion_automatica,es,Science & Technology
131,4tUl9ocJTds,🌏Historia del Imperio NEOBABILÓNICO en 10 minutos [Imperio Caldeo] 🌏 - El Mapa de Sebas,El Mapa de Sebas,626,informativo,medio,busqueda_semilla,1,youtube_auto,1,,0,0.96,1,1,1,1,144.0,0.124,0.0,,,0.6235,0.487,0.773,4.66,4.66,2.8,0.0,0.0,3.99,0.0,7.99,2.0,1.33,1.366,0.0,5.75,1,1.33,0.0,0.0,1.33,7,1,0,1,1240,6,8,0.571,0.013,1.46,18,0.303,0,0,0,0,0,medio,resumen_evento,perecedero,declarativa,con_enlaces_externos,con_indice,transcripcion_automatica,es,Education
156,6Wi79J6nLcY,Colocación puerta de acero,Tonytuberos,996,informativo,medio,busqueda_semilla,1,youtube_auto,1,,0,0.64,1,1,1,1,96.1,0.4,0.059,,,0.5357,0.443,0.702,4.23,19.44,1.19,0.0,0.0,0.0,0.0,6.9,1.25,6.27,0.258,0.63,0.0,0,0.0,0.0,0.0,0.0,0,0,0,0,101,0,3,0.333,0.004,1.25,3,0.043,0,0,0,0,0,medio,divulgacion,perenne,declarativa,sin_enlaces,bloque_continuo,transcripcion_automatica,es,Education
152,wZ-tjP3Z6KE,RELLENADO DE COLUMNA DOBLE CON CEMENTO | 4 VINCULOS Y 3 CRUCETAS | MEDIA TENSION,Liniero Argentino,890,informativo,medio,chart_canal,1,youtube_auto,1,8.5,1,0.45,1,1,1,1,67.8,0.786,0.3,8.5,8.95,0.5438,0.463,0.693,4.1,37.77,2.19,0.0,0.0,0.99,0.0,8.95,1.99,2.98,0.716,0.0,0.0,0,0.99,0.0,0.0,0.99,0,0,0,0,339,0,8,0.625,0.01,1.79,15,1.0,0,0,0,0,1,medio,divulgacion,perenne,declarativa,sin_enlaces,bloque_continuo,transcripcion_automatica,es,Education
135,CyilB5zxgsA,Como hacer tablero de puerta en sierra de mesa,Carpinteria Chavez (Chavez Carpentry),768,informativo,medio,busqueda_semilla,1,youtube_auto,1,,0,0.73,1,1,1,1,110.0,0.592,0.231,,,0.4408,0.406,0.641,4.34,22.73,2.06,0.0,0.0,0.0,0.0,2.84,0.0,2.84,0.15,2.13,3.91,1,0.0,0.0,0.0,0.0,7,0,0,0,655,0,4,1.0,0.022,3.05,17,0.026,0,0,0,0,0,medio,instructivo,perenne,imperativa,solo_enlaces_propios,con_indice,transcripcion_automatica,es,Education
162,aZ1kHYwThP8,El Camino a la Segunda Guerra Mundial - 1937,Historia Épica,967,informativo,medio,busqueda_semilla,1,youtube_auto,1,16.8,1,0.67,1,1,1,1,100.0,0.325,0.061,16.8,0.0,0.676,0.573,0.82,5.22,1.24,2.86,1.24,0.0,3.72,0.62,4.97,0.62,0.62,1.0,0.0,0.0,0,0.62,0.0,1.86,0.62,2,1,1,1,1249,0,5,1.0,0.014,1.12,8,0.161,0,0,0,0,0,medio,divulgacion,perenne,declarativa,con_fuentes_verificables,bloque_continuo,transcripcion_automatica,es,Education
153,Id8NuJvimgk,Arquitectura contra el cambio climático - Programa completo,DW Español,1561,informativo,medio,busqueda_semilla,1,youtube_auto,1,,0,0.93,1,1,1,1,139.6,0.22,0.019,,,0.6075,0.489,0.753,4.89,4.13,2.26,0.55,0.83,4.13,0.28,6.33,1.1,1.38,0.851,0.28,1.92,1,0.0,0.0,0.0,0.0,0,0,0,0,410,0,5,1.0,0.005,0.91,17,0.039,0,0,0,0,0,medio,actualidad,perecedero,declarativa,sin_enlaces,con_indice,transcripcion_automatica,es,News & Politics
141,Esnwv5bzVgQ,ARMENGOL queda en SHOCK al REVELAR VOX LO QUE HIZO SANCHEZ y BEGOÑA GOMEZ en la MARETA tras CEUTA😱,El Punto Blanco,796,informativo,medio,chart_canal,1,youtube_auto,1,22.3,1,0.99,1,1,1,1,148.1,0.37,0.111,22.3,0.51,0.6004,0.49,0.757,4.93,6.11,1.12,0.51,0.0,1.02,1.53,11.2,1.53,9.67,0.2,2.54,0.0,0,0.0,0.0,0.0,0.0,0,0,0,0,1079,0,11,0.364,0.043,1.02,37,0.772,0,0,1,0,2,medio,directo,perecedero,declarativa,sin_enlaces,bloque_continuo,transcripcion_automatica,es,News & Politics
151,5onII7kxEcY,"""Perdi mi pierna por 15 disparos..."" - El Peligroso Barrio de la East Side de Chicago PAXTOWN",Trippy Sauce,1184,informativo,medio,busqueda_semilla,1,youtube_auto,1,865.0,0,0.88,1,1,1,1,131.5,0.481,0.15,,,0.5062,0.51,0.557,3.92,0.0,0.66,0.0,0.0,0.0,0.0,0.0,0.0,0.0,1.0,0.0,0.0,0,0.0,0.0,0.0,0.0,11,0,0,0,1205,0,9,0.333,0.009,0.92,21,0.203,0,0,0,0,0,medio,explicativo,perecedero,declarativa,solo_enlaces_propios,bloque_continuo,transcripcion_automatica,es,Education
145,1CwgnM24Oas,¿POR QUÉ PAGAMOS TANTO?: Germán Krivocapich en UN GRAN PLAN,Radio Con Vos 89.9,1700,informativo,medio,chart_canal,1,youtube_auto,1,15.5,1,1.14,1,1,1,1,171.6,0.133,0.0,15.5,12.54,0.5488,0.451,0.641,4.61,12.95,2.22,3.29,1.23,0.82,0.21,11.52,1.23,1.65,0.805,0.0,2.12,1,0.0,0.0,0.0,0.0,6,0,0,0,830,10,5,0.4,0.001,0.08,0,0.638,0,1,0,0,1,medio,explicativo,perenne,pregunta,solo_enlaces_propios,con_indice,transcripcion_automatica,es,News & Politics
146,2nxSWmx94q4,"Esto SÍ es innovar, Apple",SupraPixel,1271,informativo,medio,chart_canal,1,youtube_auto,1,19.5,1,1.41,1,1,1,1,211.3,0.122,0.0,19.5,2.01,0.6146,0.477,0.669,4.61,8.04,2.39,1.56,0.67,1.79,0.67,16.98,2.9,3.57,0.835,1.12,0.0,0,1.12,0.22,0.22,1.34,19,9,0,1,1403,0,2,0.5,0.001,0.47,11,0.2,0,0,0,0,0,medio,explicativo,perecedero,declarativa,con_enlaces_externos,bloque_continuo,transcripcion_automatica,es,Science & Technology
155,oP-vqFzbr7g,✅ Problema 2.31 Alexander SADIKU | Como obtener resistencia equivalente de un circuito eléctrico,EL PROFESOR IMPEDANTE ,852,informativo,medio,busqueda_semilla,1,youtube_auto,1,213.6,0,0.9,1,1,1,1,135.4,0.198,0.034,,,0.4594,0.388,0.532,4.14,13.01,7.23,0.0,0.0,0.0,1.04,13.01,0.0,0.52,0.49,1.04,0.0,0,2.08,0.0,0.0,2.08,9,0,0,0,1516,0,8,0.5,0.006,2.6,23,0.117,0,0,0,0,0,medio,explicativo,perenne,declarativa,solo_enlaces_propios,bloque_continuo,transcripcion_automatica,es,Education
150,yTqDd26jNfQ,VENDETTA A DESPIADADA  Ayuso envía a sus lacayos a filtrar la casa de Cayetana EN CANTABRIA,La Mentira Pública ,823,informativo,medio,chart_canal,1,youtube_auto,1,21.3,1,1.12,1,1,1,1,168.0,0.269,0.036,21.3,5.64,0.5567,0.442,0.69,4.51,21.26,2.82,0.43,0.0,5.64,1.3,9.54,2.17,3.04,0.754,0.0,3.65,1,0.0,0.0,0.87,0.0,0,0,0,0,1390,5,9,0.556,0.013,0.82,16,0.427,0,0,0,0,0,medio,actualidad,perecedero,declarativa,sin_enlaces,con_indice,transcripcion_automatica,es,News & Politics
140,MaZfiglXpkk,Conmoción y dolor por la muerte de Jorge Messi; el mundo abraza al capitán,LA NACION,1045,informativo,medio,chart_canal,1,youtube_auto,1,23.1,1,1.2,1,1,1,1,180.3,0.15,0.0,23.1,9.55,0.5653,0.47,0.695,4.33,29.3,1.97,0.64,0.0,4.78,0.0,7.96,1.91,7.64,0.296,0.0,0.0,0,0.0,0.0,0.96,0.0,5,1,0,1,673,0,8,0.5,0.008,2.1,0,0.05,0,0,0,0,0,medio,actualidad,perenne,declarativa,con_enlaces_externos,bloque_continuo,transcripcion_automatica,es,News & Politics
139,mDn2dLqPDSU,Es una LOCURA querer APROBAR el examen de CONDUCIR con 30 PRACTICAS,Aprobado a la primera,1543,informativo,medio,chart_canal,1,youtube_auto,1,10.1,1,1.2,1,1,1,1,179.8,0.227,0.019,10.1,12.11,0.5628,0.481,0.573,4.33,19.04,1.19,0.0,0.0,0.43,0.0,9.73,4.98,6.27,0.809,1.73,0.0,0,0.22,0.0,0.0,0.22,3,0,0,0,963,0,6,0.5,0.005,0.45,22,0.574,0,0,0,0,1,medio,divulgacion,perenne,declarativa,solo_enlaces_propios,bloque_continuo,transcripcion_automatica,es,Education
142,gk1W4jUYvJw,INFINIX HOT 30i (X669) | CAMBIO DE PANTALLA / Screen Replacement✅📱,Tutoriales 03,1507,informativo,medio,busqueda_semilla,1,youtube_auto,1,,0,0.37,0,1,1,0,54.9,0.606,0.196,,,0.5206,0.443,0.633,4.44,9.42,1.01,0.0,0.72,0.72,0.0,8.7,0.0,5.07,0.09,5.8,0.0,0,1.45,0.0,0.0,1.45,14,2,0,1,1208,0,6,0.5,0.014,1.88,26,0.644,0,0,0,0,1,medio,divulgacion,perenne,declarativa,con_enlaces_externos,bloque_continuo,transcripcion_parcial,es,Education
147,Bh7pEMnsEUA,Las 5 fuerzas competitivas que dan forma a la estrategia (Michael Porter),Finanzas y Contabilidad Díaz M.,1614,informativo,medio,busqueda_semilla,1,youtube_auto,1,,0,0.97,1,1,1,1,145.5,0.144,0.0,,,0.5659,0.449,0.636,4.92,4.09,1.25,0.26,0.26,0.0,0.51,20.18,1.28,3.58,0.436,0.0,0.0,0,0.0,0.0,0.0,0.0,0,0,0,0,193,0,6,1.0,0.006,0.66,0,0.051,0,0,0,0,0,medio,divulgacion,perenne,declarativa,sin_enlaces,bloque_continuo,transcripcion_automatica,es,Education
144,5TBOBpjaIoU,Historia orgullosa de España: La innegable españolidad de Ceuta y Melilla a,esRadio,1421,informativo,medio,chart_canal,1,youtube_auto,1,26.7,1,1.19,1,1,1,1,178.9,0.196,0.021,26.7,2.83,0.5608,0.464,0.64,4.38,20.29,1.6,3.78,0.0,5.19,0.71,12.98,0.94,4.72,0.276,0.47,0.0,0,0.0,0.0,0.47,0.0,0,0,0,0,169,0,7,0.857,0.0,3.7,2,0.079,0,0,0,0,0,medio,actualidad,perenne,declarativa,sin_enlaces,bloque_continuo,transcripcion_automatica,es,News & Politics
148,UC0k3vIpPNs,Paquito ocaño y un viaje al norte cordobés,Telefe Córdoba,787,informativo,medio,chart_canal,1,youtube_auto,1,9.9,1,0.92,1,1,1,1,138.0,0.424,0.074,9.9,16.57,0.5647,0.443,0.727,4.19,18.23,1.16,0.0,0.0,1.66,2.21,6.63,1.66,4.42,0.439,0.0,0.0,0,0.0,0.0,0.55,0.0,6,2,0,1,939,0,5,0.8,0.006,1.05,25,0.029,0,0,0,0,0,medio,directo,perecedero,declarativa,con_enlaces_externos,bloque_continuo,transcripcion_automatica,es,News & Politics
149,fvTeHJIEoQA,"Si ""respiro"" entonces ""aspiro"" a ser candidato de Morena a la Gubernatura de Morelos | Rafael Reyes.",Punto Por Punto TV,1177,informativo,medio,busqueda_semilla,1,youtube_auto,1,,0,1.07,1,1,1,1,161.0,0.228,0.05,,,0.5877,0.46,0.657,4.6,14.88,2.09,1.9,0.63,3.8,1.27,6.65,1.9,7.91,0.285,0.32,0.0,0,0.0,0.0,0.63,0.0,0,0,0,0,229,0,8,0.75,0.003,0.92,0,0.077,0,0,0,0,0,medio,actualidad,perenne,declarativa,sin_enlaces,bloque_continuo,transcripcion_automatica,es,News & Politics
154,gtRTslZ_azI,Los Smartphones y Computadoras más Defectuosos de la Historia,Zico Tops,1219,informativo,medio,chart_canal,1,youtube_auto,1,24.3,1,0.91,1,1,1,1,136.4,0.145,0.0,24.3,0.36,0.6371,0.508,0.756,4.85,6.5,3.14,2.17,0.36,1.08,0.72,5.41,2.17,6.86,0.363,0.36,0.0,0,0.0,0.0,0.0,0.0,4,1,0,1,335,0,4,1.0,0.014,0.36,14,0.094,0,0,0,0,0,medio,lista_ranking,perenne,declarativa,con_enlaces_externos,bloque_continuo,transcripcion_automatica,es,Science & Technology
130,sbAU78rPPKQ,Seguro de vida para adultos mayores 65 a 85 años (vitalicio) - VIDA DORADA de Inbursa.,Leonardo Cuida tu Futuro,815,informativo,medio,busqueda_semilla,1,youtube_auto,1,2629.0,0,1.29,1,1,1,1,193.5,0.219,0.036,,,0.5572,0.421,0.598,4.27,18.26,4.64,0.0,0.38,23.96,0.76,5.71,0.38,5.33,0.151,4.18,5.15,1,1.14,0.0,1.14,1.14,1,1,0,1,823,7,9,0.75,0.008,3.96,17,0.19,0,0,0,0,0,medio,divulgacion,perenne,declarativa,con_enlaces_externos,con_indice,transcripcion_automatica,es,Education
133,Vy2IvXWoy8w,¿Frío o calor? El pronóstico del tiempo para esta semana,Teletrece,777,informativo,medio,busqueda_semilla,1,youtube_auto,1,2663.0,0,1.37,1,1,1,1,205.6,0.093,0.0,,,0.5645,0.452,0.624,4.28,9.76,3.49,0.38,0.38,4.13,0.38,18.02,6.01,3.38,1.678,0.0,0.0,0,0.0,0.0,0.0,0.0,6,2,0,1,328,0,5,0.4,0.006,0.71,3,0.044,0,1,0,0,0,medio,actualidad,perecedero,pregunta,con_enlaces_externos,bloque_continuo,transcripcion_automatica,es,News & Politics
132,0mBrxPgv26E,✅ La HISTORIA de RUSIA en 15 minutos | RESUMEN fácil y divertido,Memorias de Pez,980,informativo,medio,busqueda_semilla,1,youtube_auto,1,,0,1.23,1,1,1,1,184.0,0.097,0.0,,,0.6107,0.497,0.734,4.57,6.65,2.73,3.33,0.33,4.99,0.33,10.31,0.33,1.33,0.454,0.0,0.0,0,0.67,0.0,0.33,0.67,13,3,0,1,1230,0,6,0.5,0.017,1.6,0,0.438,0,0,0,0,0,medio,resumen_evento,perecedero,declarativa,con_enlaces_externos,bloque_continuo,transcripcion_automatica,es,Education
134,mHEzQAv2fF4,"Entre Hilos: Bruno Latour, ""Nunca fuimos modernos""",El Mostrador,1213,informativo,medio,busqueda_semilla,1,youtube_auto,1,,0,1.03,1,1,1,1,155.2,0.194,0.024,,,0.5493,0.425,0.689,4.56,10.2,1.91,0.64,0.0,0.32,1.59,6.69,0.96,6.38,0.212,1.28,0.0,0,0.0,0.0,0.32,0.0,5,1,0,1,1198,0,6,1.0,0.0,0.57,16,0.125,0,0,0,0,0,medio,opinion_review,perecedero,declarativa,con_enlaces_externos,bloque_continuo,transcripcion_automatica,es,News & Politics
138,AZOYli5y--0,AYUSO PIDE AYUDA A PEDRO SÁNCHEZ. QUIERE QUE LOS INCENDIOS LOS GESTIONE EL GOBIERNO.,Alán Barroso Clips,1246,informativo,medio,chart_canal,1,youtube_auto,1,17.9,1,1.4,1,1,1,1,209.9,0.167,0.024,17.9,8.26,0.5727,0.45,0.645,4.44,21.34,1.49,0.23,0.0,1.38,0.23,10.09,0.69,5.51,0.198,0.23,0.0,0,0.92,0.0,0.23,0.92,2,2,0,1,1308,0,9,1.0,0.0,1.74,32,1.0,0,0,0,0,1,medio,explicativo,perecedero,declarativa,con_enlaces_externos,bloque_continuo,transcripcion_automatica,es,News & Politics
136,Uj0GcEHH8ps,10 ERRORES que NUNCA DEBES HACER con OSTEOPOROSIS,Médico Vegano,818,informativo,medio,busqueda_semilla,1,youtube_auto,1,,0,1.15,1,1,1,1,171.8,0.158,0.036,,,0.6,0.471,0.697,4.73,6.83,2.56,0.0,0.85,3.84,0.43,5.12,2.13,2.99,0.754,1.28,0.0,0,0.0,0.0,0.0,0.0,1,0,0,0,2265,0,4,0.75,0.003,0.85,0,0.85,0,0,0,1,1,medio,lista_ranking,perenne,lista,solo_enlaces_propios,bloque_continuo,transcripcion_automatica,es,Education
137,1PUzFg1CdbU,Cómo Clonar la VOZ en Segundos por IA GRATIS y SIN Límites 🎙️,Alejavi Rivera,1573,informativo,medio,chart_canal,1,youtube_manual,0,23.0,1,1.32,1,1,1,1,198.6,0.217,0.019,23.0,1.73,0.579,0.451,0.6,4.6,9.99,1.92,0.19,0.0,3.07,0.19,12.49,2.11,0.96,1.788,1.73,4.58,1,0.96,0.38,0.0,1.34,12,10,0,1,1427,12,4,0.75,0.011,0.52,8,0.383,0,0,0,0,0,medio,instructivo,perenne,imperativa,con_enlaces_externos,con_indice,transcripcion_humana,es,Education
160,Sadz8gLmKkE,columnas no alineadas - cómo solucionar el problema,marcelo pardo,1167,informativo,medio,busqueda_semilla,1,youtube_auto,1,652.0,0,1.12,1,1,1,1,167.6,0.075,0.0,,,0.5374,0.435,0.582,4.69,23.62,4.14,0.0,0.0,2.15,0.31,10.12,7.36,5.52,1.306,1.53,2.57,1,0.0,0.0,0.31,0.0,3,2,0,1,530,5,4,0.75,0.012,0.55,0,0.0,0,0,0,0,0,medio,divulgacion,perenne,declarativa,con_enlaces_externos,con_indice,transcripcion_automatica,es,Education
159,EEofSIp6N-g,BIO-FACTORIAS (Parte 1) 🌱 Montaje y Recorrido | Jairo Restrepo 🐮,Jairo Restrepo Rivera,1341,informativo,medio,busqueda_semilla,1,youtube_auto,1,,0,0.91,1,1,1,1,136.2,0.183,0.022,,,0.5308,0.474,0.616,5.16,10.84,2.2,0.0,0.0,1.97,0.0,3.61,0.0,1.64,0.234,0.0,0.0,0,0.0,0.0,0.0,0.0,0,0,0,0,121,0,6,0.333,0.004,0.46,0,0.362,0,0,0,0,0,medio,divulgacion,perenne,declarativa,sin_enlaces,bloque_continuo,transcripcion_automatica,es,Education
161,onpiMEG4IIc,La Gran Mentira del Helio-3,El Robot de Platón,1319,informativo,medio,chart_canal,1,youtube_auto,1,15.9,1,1.1,1,1,1,1,164.8,0.193,0.023,15.9,6.9,0.6149,0.497,0.682,4.72,5.24,2.87,2.76,1.38,1.1,0.28,9.38,3.31,2.48,1.279,1.1,2.27,1,0.83,0.0,0.28,0.83,15,9,7,1,1969,6,3,1.0,0.018,0.28,0,0.19,0,0,0,0,0,medio,divulgacion,perenne,declarativa,con_fuentes_verificables,con_indice,transcripcion_automatica,es,Science & Technology
157,OKR7ESzP7bk,¿Yabrán está vivo?: La historia del empresario mafioso que asesinó a cabezas,Filo News,839,informativo,medio,busqueda_semilla,1,youtube_auto,1,,0,0.92,1,1,1,1,138.6,0.247,0.036,,,0.6249,0.483,0.767,4.58,11.87,2.01,1.55,0.52,2.58,0.52,7.74,0.52,4.13,0.22,0.0,0.0,0,0.0,0.0,1.03,0.0,5,1,0,1,1076,0,7,0.714,0.044,1.19,5,0.032,0,1,0,0,0,medio,explicativo,perenne,pregunta,con_enlaces_externos,bloque_continuo,transcripcion_automatica,es,News & Politics
158,BUHbKdcafFM,Viaje de Estudios a Córdoba,Escuela Químicos Argentinos,748,informativo,medio,busqueda_semilla,1,youtube_auto,1,,0,0.24,0,1,1,0,35.9,1.059,0.44,,,0.654,0.47,0.874,4.53,6.71,3.13,0.0,0.0,2.24,0.0,8.95,0.0,8.95,0.053,2.24,0.0,0,0.0,0.0,0.0,0.0,0,0,0,0,203,0,3,0.667,0.018,0.89,1,0.13,0,0,0,0,0,medio,divulgacion,perenne,declarativa,sin_enlaces,bloque_continuo,transcripcion_parcial,es,Education
206,EzU3mwJwAvE,limpieza profunda de cocina pequeña + decorando mi cocina con toques otoñales #otoño 🍁#cocina,Karen Daem,456,practico_personal,corto,busqueda_semilla,1,youtube_auto,1,,0,1.13,1,1,1,1,169.6,0.448,0.188,,,0.5593,0.452,0.687,4.19,12.41,0.7,0.0,0.0,3.1,0.0,9.31,0.0,6.21,0.075,3.88,0.0,0,0.78,0.0,0.78,0.78,1,0,0,0,599,0,10,0.625,0.012,0.78,19,0.0,0,0,0,0,0,corto,sin_clasificar,perenne,declarativa,solo_enlaces_propios,bloque_continuo,transcripcion_automatica,es,People & Blogs
197,S5kc38r5_LA,Aunque Intente (Concept Video),Theo Tiro,253,practico_personal,corto,busqueda_semilla,0,ninguna,0,,0,,0,1,1,0,,,,,,,,,,,,,,,,,,,,,0.0,0,,,,,3,1,0,1,467,0,4,,,,0,0.16,0,0,0,0,0,corto,sin_clasificar,perenne,declarativa,con_enlaces_externos,bloque_continuo,sin_transcripcion,es,People & Blogs
205,Ey6PJGTKHZ8,La Última y Nos Vamos. Recks Ayala,alexander zaragoza,195,practico_personal,corto,busqueda_semilla,1,youtube_auto,1,,0,0.61,1,1,1,1,92.0,0.657,0.429,,,0.505,0.465,0.663,4.07,0.0,0.67,0.0,0.0,0.0,0.0,0.0,0.0,6.69,0.07,0.0,0.0,0,0.0,0.0,0.0,0.0,0,0,0,0,24,0,3,0.333,0.104,0.33,0,0.222,0,0,0,0,0,corto,sin_clasificar,perenne,declarativa,sin_enlaces,bloque_continuo,transcripcion_automatica,es,People & Blogs
212,MPs1JrpI1GQ,El lema del barrio Pescaíto explicado por uno de sus líderes,W Radio Colombia,479,practico_personal,corto,busqueda_semilla,1,youtube_auto,1,,0,0.97,1,1,1,1,145.3,0.152,0.0,,,0.5597,0.508,0.672,4.63,6.9,2.76,0.86,0.86,0.0,0.0,6.03,0.0,4.31,0.104,0.0,0.0,0,0.0,0.0,0.0,0.0,3,0,0,0,962,0,5,0.4,0.084,0.34,4,0.04,0,0,0,0,0,corto,explicativo,perenne,declarativa,solo_enlaces_propios,bloque_continuo,transcripcion_automatica,es,People & Blogs
224,SbWxCJ5aR70,Cama Elevada para Mantener Fresco a tu Perro | Reseña 🐶🛌❄️,Más que un amigo,415,practico_personal,corto,busqueda_semilla,1,youtube_auto,1,17.3,1,1.15,1,1,1,1,172.2,0.337,0.071,17.3,1.68,0.5498,0.437,0.706,4.07,48.7,1.76,0.0,0.84,0.0,0.0,10.92,0.84,9.24,0.138,0.0,0.0,0,1.68,0.0,0.0,1.68,2,1,0,1,379,0,6,0.5,0.025,2.52,21,0.14,0,0,0,0,0,corto,opinion_review,perenne,declarativa,con_enlaces_externos,bloque_continuo,transcripcion_automatica,es,Pets & Animals
216,b2fXAD2NWOQ,Flores eternas de limpiapipas 🌼✨️ #manualidades #hechoamano #flores #diy #tutorial,Vale Palacios,132,practico_personal,corto,chart_canal,1,youtube_auto,1,12.3,1,1.46,1,1,0,1,218.6,0.315,0.2,12.3,0.0,0.5042,0.447,0.727,4.23,0.0,6.65,0.0,0.0,0.0,0.0,2.08,2.08,0.0,5.16,6.24,0.0,0,0.0,0.0,0.0,0.0,0,0,0,0,0,0,7,0.167,0.048,1.04,0,0.015,0,0,0,0,0,corto,sin_clasificar,perenne,declarativa,sin_enlaces,bloque_continuo,transcripcion_automatica,es,People & Blogs
204,Bu3xkEcRcJQ,10 Razas de PERROS PEQUEÑOS que NO CRECEN mucho 🐶 Ideales para tener en casa,ExpertoAnimal,243,practico_personal,corto,busqueda_semilla,1,youtube_auto,1,,0,1.17,1,1,1,1,175.3,0.364,0.111,,,0.6091,0.47,0.767,4.46,4.23,3.94,0.0,0.0,15.49,0.0,12.68,5.63,4.23,1.296,0.0,0.0,0,0.0,0.0,0.0,0.0,0,0,0,0,363,0,6,0.667,0.042,3.1,13,0.407,0,0,0,1,0,corto,lista_ranking,perenne,lista,sin_enlaces,bloque_continuo,transcripcion_automatica,es,Pets & Animals
213,nAPFExXAKDo,¡Yo solito puedo! | Cuento infantil sobre autonomía para niños de 3 años,El mundo de León,212,practico_personal,corto,busqueda_semilla,1,youtube_auto,1,10.3,1,0.97,1,1,1,1,145.2,0.385,0.125,10.3,1.95,0.63,0.524,0.778,4.25,3.9,1.17,0.0,0.0,0.0,0.0,5.85,0.0,1.95,0.204,0.0,0.0,0,0.0,0.0,0.0,0.0,0,0,0,0,1386,0,7,0.286,0.002,1.17,0,0.036,2,0,0,0,1,corto,sin_clasificar,perenne,declarativa,sin_enlaces,bloque_continuo,transcripcion_automatica,es,People & Blogs
208,2NpVNYCzlE4,El Problema De Kurama | naruto (parodia),Hemisferio V2,175,practico_personal,corto,busqueda_semilla,1,youtube_auto,1,,0,0.39,0,1,0,0,58.3,0.928,0.5,,,0.6118,0.471,0.821,3.94,5.88,1.18,0.0,0.0,0.0,0.0,5.88,0.0,0.0,1.0,0.0,0.0,0,0.0,0.0,0.0,0.0,0,0,0,0,0,0,4,0.5,0.218,1.76,0,0.129,0,0,0,0,0,corto,sin_clasificar,perenne,declarativa,sin_enlaces,bloque_continuo,transcripcion_parcial,es,People & Blogs
225,oBs_8-cJTDY,Dios cree en ti Acércate a él | Aunque no creas en Dios él está para ti | Los Milagros sí existen,Mente Millonaria Pagina Oficial,242,practico_personal,corto,busqueda_semilla,1,youtube_auto,1,,0,0.54,1,1,1,1,80.3,0.543,0.222,,,0.525,0.432,0.781,3.9,0.0,0.0,0.0,0.0,0.0,0.0,15.43,0.0,3.09,0.139,0.0,0.0,0,0.0,0.0,0.0,0.0,5,0,0,0,796,0,8,0.429,0.028,1.85,17,0.081,0,0,0,0,0,corto,sin_clasificar,perenne,declarativa,solo_enlaces_propios,bloque_continuo,transcripcion_automatica,es,People & Blogs
201,c4YDB6Jv0IE,Dosis Diaria Roka - ¨Por ahora¨,Roka Stereo,326,practico_personal,corto,busqueda_semilla,1,youtube_auto,1,10.6,1,1.06,1,1,1,1,158.7,0.149,0.0,10.6,5.8,0.5525,0.464,0.695,4.3,1.16,2.09,0.0,0.0,1.16,0.0,16.24,0.0,1.16,0.301,0.0,0.0,0,0.0,0.0,0.0,0.0,3,1,0,1,503,0,4,0.75,0.067,1.16,25,0.174,0,0,0,0,0,corto,sin_clasificar,perenne,declarativa,con_enlaces_externos,bloque_continuo,transcripcion_automatica,es,People & Blogs
214,2Q7Uet3Gi9A,Chevrolet Camaro SS 💪 - Impresionante Por Donde Lo Mires (100% Americano) | Primer vistazo,CarshopGaraje,508,practico_personal,corto,busqueda_semilla,1,youtube_auto,1,477.7,0,1.13,1,1,1,1,169.3,0.129,0.0,,,0.608,0.48,0.742,4.64,9.77,2.23,1.4,0.0,3.49,0.7,8.37,0.7,6.28,0.177,0.0,12.99,1,0.7,0.0,0.0,0.7,1,1,0,1,867,11,7,0.429,0.006,0.63,19,0.164,0,0,0,0,0,corto,sin_clasificar,perecedero,declarativa,con_enlaces_externos,con_indice,transcripcion_automatica,es,Autos & Vehicles
494,lfprQFzhDnQ,LA FORMA MAS FÁCIL DE HACER ADORNOS NAVIDEÑOS BONITOS #2024,Anny Rodriguez,571,practico_personal,corto,busqueda_semilla,1,youtube_auto,1,677.5,0,0.95,1,1,1,1,142.4,0.392,0.1,,,0.555,0.487,0.629,4.3,6.64,2.58,0.0,0.0,3.69,0.0,14.02,0.0,1.48,0.253,0.0,0.0,0,0.0,0.0,0.0,0.0,25,3,0,1,2112,0,6,0.833,0.019,0.66,19,1.0,0,0,0,0,1,corto,sin_clasificar,perecedero,declarativa,con_enlaces_externos,bloque_continuo,transcripcion_automatica,es,People & Blogs
495,fLI6fgoxA1k,Como Hacer Mochis Perfectos En Casa,Alfredo Vozmediano,381,practico_personal,corto,busqueda_semilla,1,youtube_auto,1,,0,1.08,1,1,1,1,161.4,0.153,0.0,,,0.5841,0.461,0.78,4.49,6.83,2.15,0.0,0.0,0.98,0.0,3.9,0.0,1.95,0.204,2.93,0.0,0,0.0,0.0,0.0,0.0,26,24,0,1,1607,0,3,0.667,0.005,0.68,0,0.2,0,0,0,0,0,corto,instructivo,perenne,imperativa,con_enlaces_externos,bloque_continuo,transcripcion_automatica,es,People & Blogs
496,5wcc1Qn4tzc,"aunque el diablo se enoje y se ponga a murmurar, yo le canto a mi Cristo, le tengo que cantar.",Guerrera ,125,practico_personal,corto,busqueda_semilla,1,youtube_auto,1,,0,0.11,0,1,1,0,15.8,0.777,0.4,,,0.7879,0.333,1.0,3.55,30.3,3.03,0.0,0.0,0.0,0.0,0.0,0.0,30.3,0.016,0.0,0.0,0,0.0,0.0,0.0,0.0,0,0,0,0,92,0,9,0.0,,,0,0.014,0,0,0,0,0,corto,sin_clasificar,perenne,declarativa,sin_enlaces,bloque_continuo,transcripcion_parcial,es,People & Blogs
196,G_z3DIRP98M,(punto claro) Duran King X El Menor Free (Prod:) (Xp Producien2 ),Duran_king🎼,182,practico_personal,corto,busqueda_semilla,1,youtube_auto,1,,0,0.67,1,1,1,1,101.2,0.717,0.286,,,0.515,0.489,0.858,4.15,3.26,0.0,0.0,0.0,0.0,0.0,6.51,0.0,3.26,0.133,0.0,0.0,0,0.0,0.0,0.0,0.0,0,0,0,0,119,0,8,0.25,0.0,0.65,0,0.196,0,0,0,0,0,corto,sin_clasificar,perenne,declarativa,sin_enlaces,bloque_continuo,transcripcion_automatica,es,People & Blogs
199,0r1_FQsJu7g,Chilacayote En Conserva Una Receta Muy Tradicional La Cocina En El Rancho,La Cocina En El Rancho,282,practico_personal,corto,busqueda_semilla,1,youtube_auto,1,,0,0.9,1,1,1,1,134.9,0.454,0.1,,,0.4794,0.42,0.716,4.08,36.28,0.32,0.0,0.0,0.0,0.0,9.46,3.15,1.58,1.755,0.0,0.0,0,0.0,0.0,0.0,0.0,0,0,0,0,175,0,6,0.667,0.043,1.74,11,0.194,0,0,0,0,0,corto,sin_clasificar,perenne,declarativa,sin_enlaces,bloque_continuo,transcripcion_automatica,es,People & Blogs
198,JQxBsHpTB9A,UN VIAJE POR LA CARRETERA CON MI FAMILIA *me sentí bien*,Ruth Muñoz Cavero,419,practico_personal,corto,busqueda_semilla,1,youtube_auto,1,,0,0.29,0,1,1,0,43.5,0.652,0.214,,,0.5883,0.418,0.848,3.92,23.03,0.66,0.0,0.0,0.0,0.0,16.45,0.0,9.87,0.048,0.0,0.0,0,0.0,0.0,0.0,0.0,3,0,0,0,214,0,4,0.25,0.247,0.33,12,0.75,0,0,0,0,1,corto,sin_clasificar,perenne,declarativa,solo_enlaces_propios,bloque_continuo,transcripcion_parcial,es,People & Blogs
200,qxa0nZEo6Ag,TENGO GANAS - NO ME ACOSTUMBRO - ALGO CONTIGO - MI BENDICION.,Alex Go,502,practico_personal,corto,busqueda_semilla,1,youtube_auto,1,,0,0.41,0,1,1,0,61.1,0.367,0.118,,,0.5614,0.476,0.753,4.09,1.96,1.76,0.0,0.0,3.91,0.0,5.87,0.0,1.96,0.203,0.0,0.0,0,0.0,0.0,0.0,0.0,0,0,0,0,476,0,5,1.0,0.002,4.31,0,1.0,0,0,0,0,1,corto,sin_clasificar,perenne,declarativa,sin_enlaces,bloque_continuo,transcripcion_parcial,es,People & Blogs
202,Il1mpf1rHzQ,La Ciudad de David,"Mario Opazo | Historia, Actualidad y Geopolítica",163,practico_personal,corto,busqueda_semilla,1,youtube_auto,1,22.5,1,0.99,1,1,1,1,149.1,0.291,0.0,22.5,0.0,0.512,0.42,0.772,4.39,4.94,1.23,0.0,0.0,0.0,2.47,17.28,0.0,0.0,1.0,2.47,0.0,0,0.0,0.0,0.0,0.0,3,1,0,1,878,0,2,1.0,0.044,5.19,13,0.2,0,0,0,0,0,corto,sin_clasificar,perenne,declarativa,con_enlaces_externos,bloque_continuo,transcripcion_automatica,es,People & Blogs
203,35Idu_thCbg,Como Solucionar Problema Cuando El Seguro De La Puerta No Sube En Tu Ford Explorer/Sport Trac/Ranger,Travel 4.0,507,practico_personal,corto,busqueda_semilla,1,youtube_auto,1,,0,1.19,1,1,1,1,178.8,0.15,0.0,,,0.45,0.418,0.611,4.13,8.6,1.13,0.0,0.0,0.0,0.0,11.91,3.31,2.65,1.21,1.99,0.0,0,0.0,0.0,0.0,0.0,0,0,0,0,247,0,10,0.7,0.01,3.11,12,0.217,0,0,0,0,0,corto,instructivo,perenne,imperativa,sin_enlaces,bloque_continuo,transcripcion_automatica,es,People & Blogs
209,QJ8CDmyfVeM,"🍝🐶💖Camino de estrellas Romance Canino (Paw-fect Romance), todos los items + Premium - DDLV 🦴💖🐾",Acetaminofen con Merlot,244,practico_personal,corto,busqueda_semilla,0,youtube_auto,1,,0,,0,1,1,0,,,,,,,,,,,,,,,,,,,,,0.0,0,,,,,0,0,0,0,101,0,9,,,,0,0.147,0,0,0,0,0,corto,sin_clasificar,perenne,declarativa,sin_enlaces,bloque_continuo,sin_transcripcion,es,People & Blogs
211,mDdZIvoWWpk,Verano Roto - Valentino (Video Oficial),Valentino ,163,practico_personal,corto,busqueda_semilla,1,youtube_auto,1,,0,0.74,1,1,0,1,110.8,0.457,0.167,,,0.4583,0.468,0.657,3.75,19.93,0.0,0.0,0.0,3.32,0.0,3.32,0.0,13.29,0.036,0.0,0.0,0,0.0,0.0,0.0,0.0,0,0,0,0,0,0,5,0.4,0.113,4.65,0,0.161,0,0,0,0,0,corto,sin_clasificar,perenne,declarativa,sin_enlaces,bloque_continuo,transcripcion_automatica,es,People & Blogs
210,KOIpE6Ge24o,El rincón de BUDAPEST que resistió a la Unión Soviética: El Pasaje Corvin 🇭🇺,Natural State Traveller,300,practico_personal,corto,busqueda_semilla,1,youtube_manual,0,22.8,1,0.73,1,1,1,1,109.6,0.438,0.0,22.8,0.0,0.6057,0.478,0.808,4.78,5.47,3.28,10.95,0.0,3.65,0.0,5.47,0.0,5.47,0.084,1.82,16.0,1,0.0,0.0,0.0,0.0,0,0,0,0,1076,8,7,0.571,0.009,3.28,25,0.233,0,0,0,0,0,corto,sin_clasificar,perenne,declarativa,sin_enlaces,con_indice,transcripcion_humana,es,Travel & Events
207,3KpSOYeBq14,Salsa de carne - La que usan los restaurantes,Alfredo Vozmediano,245,practico_personal,corto,busqueda_semilla,1,youtube_auto,1,,0,1.13,1,1,1,1,169.7,0.308,0.111,,,0.595,0.45,0.793,4.46,11.54,1.88,0.0,0.0,4.33,0.0,5.77,0.0,2.89,0.147,1.44,0.0,0,0.0,0.0,0.0,0.0,21,19,0,1,1375,0,4,0.5,0.007,1.59,0,0.056,0,0,0,0,0,corto,sin_clasificar,perenne,declarativa,con_enlaces_externos,bloque_continuo,transcripcion_automatica,es,People & Blogs
222,8EkXRcIuyeg,"NADA SE COMPARA CON LIZA | CASA $15,990,000.00 ALTOZANO, QRO.",FIVT,518,practico_personal,corto,busqueda_semilla,1,youtube_auto,1,629.0,0,0.97,1,1,1,1,145.7,0.339,0.056,,,0.5686,0.471,0.679,4.4,13.51,3.9,0.0,0.0,7.15,0.0,11.13,0.79,3.97,0.289,1.59,24.32,1,0.0,0.0,0.0,0.0,2,1,0,1,2630,22,4,0.75,0.013,1.35,0,1.0,0,0,0,0,1,corto,sin_clasificar,perenne,declarativa,con_enlaces_externos,con_indice,transcripcion_automatica,es,People & Blogs
221,yXd8S-ZHSPY,"Idea Fácil para Comer Sano toda la Semana. MENÚ DE ENSALADAS. Evita Colesterol, Azúcar, Hígado Graso",Cocina de Addy,371,practico_personal,corto,busqueda_semilla,1,youtube_auto,1,819.0,0,0.88,1,1,1,1,132.5,0.309,0.077,,,0.6327,0.524,0.747,4.59,2.44,2.44,0.0,0.0,3.66,0.0,1.22,1.22,2.44,0.585,0.0,0.0,0,0.0,0.0,0.0,0.0,8,2,0,1,2053,0,13,0.769,0.012,1.34,17,0.309,0,0,0,0,0,corto,lista_ranking,perenne,declarativa,con_enlaces_externos,bloque_continuo,transcripcion_automatica,es,People & Blogs
218,pTMBiynEy-E,mis labiales favoritos,Camila Fortunato,178,practico_personal,corto,chart_canal,1,youtube_auto,1,8.6,1,1.36,1,1,0,1,203.3,0.066,0.0,8.6,11.61,0.615,0.444,0.786,4.11,31.51,2.49,1.66,0.0,0.0,0.0,14.93,0.0,8.29,0.057,0.0,0.0,0,0.0,0.0,0.0,0.0,0,0,0,0,0,0,2,0.5,0.012,0.33,0,0.0,0,0,0,0,0,corto,sin_clasificar,perenne,declarativa,sin_enlaces,bloque_continuo,transcripcion_automatica,es,People & Blogs
217,sBUYcl9DIkQ,Yo puedo y lo lograré - Corridos Al Maximo ( #corridos #CorridosMotivaciones),Corridos Al Máximo,195,practico_personal,corto,busqueda_semilla,1,youtube_auto,1,9.6,1,0.69,1,1,1,1,103.1,0.323,0.143,9.6,2.99,0.5717,0.454,0.901,3.91,2.99,0.0,0.0,0.0,0.0,0.0,11.94,0.0,20.9,0.023,0.0,0.0,0,0.0,0.0,0.0,0.0,0,0,0,0,342,0,6,0.2,0.361,2.39,0,0.098,0,0,0,0,0,corto,sin_clasificar,perenne,declarativa,sin_enlaces,bloque_continuo,transcripcion_automatica,es,People & Blogs
219,fGg_z0NkWdQ,¿Cuándo volvió esa familia que te llamó monstruo a pedirte ayuda,GudoTales,161,practico_personal,corto,busqueda_semilla,1,youtube_auto,1,11.2,1,1.92,0,1,1,0,288.4,0.317,0.167,11.2,3.88,0.7142,0.521,0.845,4.63,2.58,4.52,0.0,1.29,11.63,0.0,6.46,1.29,9.04,0.188,0.0,0.0,0,0.0,0.0,0.0,0.0,0,0,0,0,15,0,6,1.0,0.001,1.94,2,0.019,0,1,0,0,0,corto,sin_clasificar,perenne,pregunta,sin_enlaces,bloque_continuo,transcripcion_parcial,es,People & Blogs
215,7QYjO9MpuJw,¿Cuanto sabes de IDOLS en KDRAMAS? Adivina 50 preguntas de Corea - Quiz KPOP Trivia de Actores,Trivia Para Todos,499,practico_personal,corto,busqueda_semilla,1,youtube_auto,1,,0,0.36,0,1,1,0,54.5,0.345,0.0,,,0.4633,0.592,0.776,4.09,4.42,1.55,0.0,0.0,0.0,0.0,0.0,0.0,4.42,0.102,0.0,0.0,0,2.21,0.0,0.0,2.21,0,0,0,0,4330,0,11,0.364,0.004,1.55,0,0.301,0,1,0,0,0,corto,sin_clasificar,perenne,pregunta,sin_enlaces,bloque_continuo,transcripcion_parcial,es,People & Blogs
220,MCxAyPFK_a0,🌻SI TE SABES EL KPOP BAILA🌻 OLD VERSION,Jeonghan,513,practico_personal,corto,busqueda_semilla,0,ninguna,0,,0,,0,1,1,0,,,,,,,,,,,,,,,,,,,,,0.0,0,,,,,0,0,0,0,24,0,4,,,,0,1.0,0,0,0,0,1,corto,sin_clasificar,perenne,declarativa,sin_enlaces,bloque_continuo,sin_transcripcion,es,People & Blogs
227,qxuggaKnATk,"Solo deseo ser padre , en cualquier parte del mundo te encontrare || YoonGi ||  Especial de navidad",ᴋɪᴍ ʀᴏsɪᴇ ت︎,385,practico_personal,corto,busqueda_semilla,1,youtube_auto,1,,0,0.1,0,1,1,0,14.6,1.202,0.615,,,0.5851,0.968,0.685,3.9,0.0,2.13,0.0,0.0,0.0,0.0,0.0,0.0,0.0,1.0,0.0,0.0,0,0.0,0.0,0.0,0.0,4,2,0,1,383,0,10,0.0,,,0,0.053,0,0,0,0,0,corto,sin_clasificar,perenne,declarativa,con_enlaces_externos,bloque_continuo,transcripcion_parcial,en,People & Blogs
226,yq3OfBSm2vQ,Enseña a cualquier gato a usar AeroKat* 5: Inhalación del medicamento.,Trudell Animal Health,321,practico_personal,corto,busqueda_semilla,1,youtube_auto,1,,0,1.0,1,1,1,1,150.5,0.219,0.0,,,0.5481,0.534,0.731,4.91,4.97,2.98,0.0,0.0,1.24,2.48,1.24,0.0,6.21,0.075,1.24,42.99,1,0.0,0.0,0.0,0.0,0,0,0,0,743,0,7,0.429,0.014,3.85,0,0.071,0,0,0,0,0,corto,sin_clasificar,perenne,declarativa,sin_enlaces,con_indice,transcripcion_automatica,es,Pets & Animals
223,KltQAIKNsAQ,"Obtén el ROI de cualquier cosa, conoce cómo calcular el Retorno de Inversión",Mauricio Martinez,337,practico_personal,corto,busqueda_semilla,1,youtube_manual,0,58.0,1,0.89,1,1,1,1,134.2,0.355,0.083,58.0,3.98,0.5158,0.458,0.651,4.8,5.31,5.04,0.0,2.65,11.94,0.0,9.28,3.98,2.65,1.422,1.33,16.02,1,0.0,0.0,0.0,0.0,0,0,0,0,911,0,7,0.714,0.027,3.45,41,0.095,0,0,0,0,0,corto,lista_ranking,perenne,declarativa,sin_enlaces,con_indice,transcripcion_humana,es,People & Blogs
228,WYh9Jlv3Wj8,Manifiesto y El Aparecido - Víctor Jara,Ignacio Pino,342,practico_personal,corto,busqueda_semilla,0,ninguna,0,,0,,0,1,0,0,,,,,,,,,,,,,,,,,,,,,0.0,0,,,,,0,0,0,0,0,0,4,,,,0,0.156,0,0,0,0,0,corto,sin_clasificar,perenne,declarativa,sin_enlaces,bloque_continuo,sin_transcripcion,es,People & Blogs
275,TNYlMCzMqag,Vanessa Bermudez está en vivo,Vanessa Bermudez,2125,practico_personal,largo,chart_canal,1,youtube_auto,1,4.2,1,0.74,1,1,0,1,111.6,0.289,0.028,4.2,20.24,0.5283,0.426,0.559,3.65,15.94,12.73,0.0,0.0,0.0,0.0,9.62,0.0,6.33,0.073,1.27,0.0,0,0.51,0.0,0.76,0.51,0,0,0,0,0,0,3,0.667,0.139,0.1,0,0.08,0,0,0,0,0,largo,directo,perecedero,declarativa,sin_enlaces,bloque_continuo,transcripcion_automatica,es,People & Blogs
266,OiGGMY5Eg2Q,ME FUI DE VACACIONES CON LA FAMILIA DE MI NOVIA *intenso*,bri dominguez,2816,practico_personal,largo,chart_canal,1,youtube_auto,1,6.3,1,0.8,1,1,1,1,120.1,0.44,0.096,6.3,15.44,0.5764,0.467,0.628,3.93,17.92,2.31,0.0,0.0,3.73,0.0,11.71,0.35,7.63,0.105,0.18,0.0,0,0.0,0.0,0.35,0.0,5,1,0,1,479,0,4,0.75,0.611,0.11,0,0.844,0,0,0,0,1,largo,sin_clasificar,perenne,declarativa,con_enlaces_externos,bloque_continuo,transcripcion_automatica,es,People & Blogs
287,7pXwDcibNhI,No somos restaurante ¿Entonces que somos?,Budare Tv,3576,practico_personal,largo,busqueda_semilla,1,youtube_auto,1,,0,0.89,1,1,1,1,134.2,0.3,0.067,,,0.5432,0.403,0.642,4.22,21.5,1.66,0.25,0.0,1.62,0.25,15.5,0.38,6.25,0.13,0.0,0.0,0,0.5,0.38,0.0,0.88,0,0,0,0,909,0,3,1.0,0.03,0.36,0,0.059,0,1,0,0,0,largo,sin_clasificar,perenne,pregunta,sin_enlaces,bloque_continuo,transcripcion_automatica,es,People & Blogs
290,Fbfsbc5l0qs,"“Papá, ¿Puedo Comer Contigo?” — La Pregunta que Derrumbó el Orgullo de un Millonario",Relatos que Nacen del Corazón,4538,practico_personal,largo,busqueda_semilla,1,youtube_auto,1,9.5,1,0.83,1,1,1,1,124.0,0.116,0.007,9.5,5.22,0.6308,0.547,0.598,4.85,1.39,1.91,0.0,0.0,4.48,0.0,5.65,0.43,6.08,0.141,0.11,0.0,0,0.21,0.0,0.53,0.21,0,0,0,0,1249,0,8,0.875,0.0,2.4,0,0.138,0,1,0,0,0,muy_largo,sin_clasificar,perenne,pregunta,sin_enlaces,bloque_continuo,transcripcion_automatica,es,People & Blogs
276,jeFhu683kO0,Babasónicos - Mucho (2008) (Full Album),siro,1903,practico_personal,largo,busqueda_semilla,0,ninguna,0,,0,,0,1,1,0,,,,,,,,,,,,,,,,,,,,,3.15,1,,,,,0,0,0,0,1229,10,4,,,,0,0.16,0,0,0,0,0,largo,sin_clasificar,perenne,declarativa,sin_enlaces,con_indice,sin_transcripcion,es,People & Blogs
269,HDDrkJkoaNo,DIOS NUNCA TE HA DEJADO - PASTOR GENERAL DAVID GUTIERREZ,Iglesia JRS,3613,practico_personal,largo,busqueda_semilla,1,youtube_auto,1,,0,0.86,1,1,1,1,128.4,0.191,0.0,,,0.5148,0.458,0.581,4.22,8.93,0.93,0.0,0.0,0.78,0.0,15.01,0.78,16.3,0.076,0.0,0.0,0,0.0,0.0,0.39,0.0,1,0,0,0,438,0,7,0.857,0.0,4.62,22,1.0,0,0,0,0,1,muy_largo,sin_clasificar,perenne,declarativa,solo_enlaces_propios,bloque_continuo,transcripcion_automatica,es,People & Blogs
286,tRLAQJ7-foY,🔴 Nos ROBAN el COCHE del PARKING del HOTEL ¿Qué pasó con nuestro coche?,Ingeniera de Viajes,4755,practico_personal,largo,busqueda_semilla,1,youtube_auto,1,,0,1.23,1,1,1,1,183.9,0.29,0.063,,,0.5373,0.428,0.569,3.98,25.18,1.85,0.41,0.27,3.02,0.21,17.02,0.34,7.34,0.107,0.55,1.14,1,0.48,0.21,0.41,0.69,0,0,0,0,498,9,6,1.0,0.056,1.76,30,0.436,0,1,0,0,0,muy_largo,conversacion_larga,perenne,pregunta,sin_enlaces,con_indice,transcripcion_automatica,es,Travel & Events
277,FScBqF8ac5k,En Familia,Radio Adventista 96.5FM El Salvador (ra965sv),3978,practico_personal,largo,busqueda_semilla,1,youtube_auto,1,16.8,1,0.89,1,1,1,1,133.4,0.263,0.068,16.8,4.18,0.5369,0.448,0.593,4.36,13.23,1.22,0.11,0.0,0.23,0.23,10.06,0.57,7.12,0.14,0.34,0.0,0,0.11,0.0,0.34,0.11,0,0,0,0,5,0,1,1.0,0.007,0.35,0,0.222,0,0,0,0,0,muy_largo,sin_clasificar,perenne,declarativa,sin_enlaces,bloque_continuo,transcripcion_automatica,es,People & Blogs
499,pY-fhwTFIds,Por La Manana Yo Dirijo Mi Alabanza - Himnos Cristianos Viejitas Pero Bonitas,Himnos Cristianos II,5028,practico_personal,largo,busqueda_semilla,1,youtube_auto,1,,0,0.26,0,1,1,0,39.2,0.591,0.202,,,0.429,0.504,0.58,4.0,3.35,0.18,0.0,0.0,0.61,0.0,3.95,0.3,11.26,0.068,0.0,0.0,0,0.0,0.0,0.0,0.0,0,0,0,0,780,0,7,0.143,0.071,0.03,0,0.188,0,0,0,0,0,muy_largo,sin_clasificar,perenne,declarativa,sin_enlaces,bloque_continuo,transcripcion_parcial,es,People & Blogs
273,zZjEP1zdhGg,"En La Cena, Mi Primo Dijo: “¡No Puedo Esperar El Viaje De Año Nuevo!”. Mis Padres Se....",LOBO GRIS,2497,practico_personal,largo,busqueda_semilla,1,youtube_auto,1,9.7,1,1.21,1,1,1,1,182.1,0.153,0.012,9.7,4.75,0.6466,0.501,0.652,4.38,2.64,3.18,0.53,0.0,2.24,0.13,2.24,0.26,5.67,0.123,0.4,0.0,0,0.0,0.0,0.53,0.0,0,0,0,0,2121,0,8,1.0,0.0,1.39,21,0.279,2,0,0,0,1,largo,sin_clasificar,perenne,declarativa,sin_enlaces,bloque_continuo,transcripcion_automatica,es,People & Blogs
274,zAO_QvrO2A8,NEOMUJER  - Hablemos claro! Como la hipnosis y la meditación ayuda,neomujer,2871,practico_personal,largo,busqueda_semilla,1,youtube_auto,1,,0,1.0,1,1,1,1,149.8,0.157,0.0,,,0.5322,0.377,0.589,4.13,5.72,1.44,0.0,0.14,1.81,0.0,16.05,0.56,8.37,0.12,0.42,0.0,0,0.0,0.0,0.14,0.0,0,0,0,0,244,0,6,0.833,0.015,0.49,0,0.189,1,0,0,0,1,largo,sin_clasificar,perenne,declarativa,sin_enlaces,bloque_continuo,transcripcion_automatica,es,People & Blogs
272,-L4FJWQt9uk,CONOCIENDO AL MEJOR AMIGO/Ps. Sandra Hernandez,RENUEVO DE BENDICION,2177,practico_personal,largo,busqueda_semilla,1,youtube_auto,1,,0,0.33,0,1,0,0,48.9,0.401,0.096,,,0.5939,0.393,0.811,4.14,2.82,2.48,0.56,0.0,2.25,0.56,15.22,0.0,2.82,0.151,1.69,0.0,0,0.0,0.0,0.0,0.0,0,0,0,0,0,0,5,0.4,0.02,0.28,0,0.641,0,0,0,0,1,largo,sin_clasificar,perenne,declarativa,sin_enlaces,bloque_continuo,transcripcion_parcial,es,People & Blogs
271,5fZAlJ3IJiE,AUDIENCIA INICIAL CON DETENIDO POR HOMICIDIO CULPOSO POR TRANSITO DE VEHICULO PARTE 1,VEMAR Defensa Legal,2352,practico_personal,largo,busqueda_semilla,1,youtube_auto,1,22.4,1,1.0,1,1,0,1,149.4,0.204,0.0,22.4,5.98,0.5744,0.498,0.59,4.72,28.01,3.69,1.88,0.0,6.15,5.81,3.07,1.54,1.2,1.2,0.0,0.0,0,0.0,0.0,0.0,0.0,0,0,0,0,0,0,8,1.0,0.006,0.61,0,1.0,0,0,0,0,1,largo,sin_clasificar,perenne,declarativa,sin_enlaces,bloque_continuo,transcripcion_automatica,es,People & Blogs
262,uYKACAkAHqA,¿Se CASA mi HERMANA? ... Compritas piso... la COCINA no llega,Leticia Sánchez ,2076,practico_personal,largo,chart_canal,1,youtube_auto,1,12.5,1,1.14,1,1,1,1,171.4,0.334,0.071,12.5,8.6,0.5464,0.421,0.641,3.93,21.58,1.47,0.0,0.17,0.67,0.0,16.86,0.51,6.74,0.14,1.01,0.0,0,0.17,0.0,0.17,0.17,23,15,0,1,2342,0,6,0.833,0.06,0.44,23,0.442,0,1,0,0,0,largo,sin_clasificar,perenne,pregunta,con_enlaces_externos,bloque_continuo,transcripcion_automatica,es,Howto & Style
267,W7Jlm7ewg3w,Así es un día de Ruta con Grupo Punto Final | Maza Clan,MAZA CLAN OFICIAL,4713,practico_personal,largo,busqueda_semilla,1,youtube_auto,1,5.7,1,0.62,1,1,1,1,92.4,0.532,0.127,5.7,11.71,0.5539,0.495,0.643,4.01,14.19,1.47,0.0,0.28,1.1,0.14,5.1,0.14,5.92,0.1,0.28,0.0,0,0.41,0.14,0.0,0.55,2,0,0,0,205,0,6,0.833,0.001,1.13,15,0.167,0,0,0,0,0,muy_largo,sin_clasificar,perecedero,declarativa,solo_enlaces_propios,bloque_continuo,transcripcion_automatica,es,People & Blogs
268,2KlPxJ74jRs,NO NECESITO NADA DE NADIE Reflexión,CAMACHO F VIDEOS Videos,2237,practico_personal,largo,busqueda_semilla,1,youtube_auto,1,,0,0.6,1,1,1,1,90.0,0.554,0.213,,,0.5782,0.428,0.665,4.01,20.56,1.07,0.0,0.0,0.6,0.3,13.41,1.49,14.3,0.134,0.3,0.0,0,0.0,0.0,0.0,0.0,0,0,0,0,35,0,3,1.0,0.042,0.54,0,0.733,0,0,0,0,1,largo,sin_clasificar,perenne,imperativa,sin_enlaces,bloque_continuo,transcripcion_automatica,es,People & Blogs
265,058kOShRHuQ,"""SE SUPONIA QUE NO PUEDO TENER HIJOS"":  ser papá es una elección, no un accidente",Se Busca Papá Bueno,3975,practico_personal,largo,busqueda_semilla,1,youtube_auto,1,13.4,1,1.12,1,1,1,1,168.2,0.168,0.008,13.4,25.22,0.5455,0.425,0.588,4.0,12.03,1.33,0.0,0.0,2.69,0.45,19.47,1.62,6.91,0.286,0.27,0.0,0,0.63,0.18,0.0,0.81,3,0,0,0,653,0,6,0.667,0.012,1.31,0,0.468,0,0,0,0,0,muy_largo,sin_clasificar,perenne,declarativa,solo_enlaces_propios,bloque_continuo,transcripcion_automatica,es,People & Blogs
264,5bjY9kztBCM,Bluey Amigurumi parte 2 español/ingles,Samyelena Amigurumis,2946,practico_personal,largo,busqueda_semilla,1,youtube_auto,1,2281.5,0,0.62,1,1,1,1,92.9,0.42,0.101,,,0.4198,0.469,0.452,4.12,5.92,7.82,0.0,0.0,29.8,0.0,3.29,0.0,0.22,0.694,7.45,0.0,0,0.22,0.0,0.0,0.22,2,0,0,0,1453,0,5,0.4,0.005,0.28,0,0.062,0,0,0,0,0,largo,sin_clasificar,perenne,declarativa,solo_enlaces_propios,bloque_continuo,transcripcion_automatica,es,People & Blogs
263,zaOXGOtyoOk,ÚLTIMAS COMPRAS Y MARCHAMOS/SIMO ME ADELANTA/ME ENVÍA DINERO DE REGALO/VINTED NO MIENTE/VACACIONES,ANTONIA AL PODER,2461,practico_personal,largo,chart_canal,1,youtube_auto,1,8.2,1,0.77,1,1,1,1,115.6,0.329,0.048,8.2,13.5,0.5437,0.414,0.647,3.88,38.82,3.57,0.0,0.0,0.42,0.0,11.81,0.84,9.28,0.137,1.05,0.0,0,0.21,0.0,0.0,0.21,3,0,0,0,745,0,11,0.545,0.043,0.25,0,1.0,0,0,0,0,1,largo,sin_clasificar,perenne,declarativa,solo_enlaces_propios,bloque_continuo,transcripcion_automatica,es,People & Blogs
270,X-c-VGC_rcY,mis objetivos para 2026,Laura Escanes,1968,practico_personal,largo,chart_canal,1,youtube_auto,1,22.1,1,1.27,1,1,1,1,190.2,0.123,0.0,22.1,2.89,0.5564,0.42,0.591,4.09,23.56,2.37,1.6,0.16,2.72,0.16,16.99,0.48,5.61,0.16,0.32,0.0,0,0.0,0.0,0.0,0.0,2,0,0,0,323,0,2,1.0,0.002,0.29,0,0.0,0,0,0,0,0,largo,sin_clasificar,perecedero,declarativa,solo_enlaces_propios,bloque_continuo,transcripcion_automatica,es,People & Blogs
280,VaF3dsfGxlk,🏠¡COMPRAS PARA EL HOGAR! Maternidad real ✨ @TeresaVelasco vlogs,Teresa Velasco Vlogs,2136,practico_personal,largo,chart_canal,1,youtube_auto,1,11.8,1,1.26,1,1,1,1,188.8,0.187,0.028,11.8,11.46,0.5708,0.449,0.609,3.97,28.12,1.44,0.0,0.3,0.3,0.0,15.33,1.04,9.67,0.151,0.15,0.0,0,0.45,0.0,0.6,0.45,17,13,0,1,2009,0,6,0.5,0.332,0.06,0,0.42,2,0,0,0,1,largo,sin_clasificar,perenne,declarativa,con_enlaces_externos,bloque_continuo,transcripcion_automatica,es,People & Blogs
283,1j0FFcSSf5U,Nunca Me Has Dejado-JACOBO REYNOSO Y UNGIDOS DE CRISTO,Adoración & Avivamiento,2595,practico_personal,largo,busqueda_semilla,1,youtube_auto,1,,0,0.37,0,1,0,0,55.2,0.739,0.195,,,0.5081,0.529,0.602,4.28,7.12,0.8,0.0,0.0,3.77,0.0,6.28,0.0,11.73,0.041,0.0,0.0,0,0.0,0.0,1.26,0.0,0,0,0,0,0,0,6,0.667,0.172,0.92,0,0.733,0,0,0,0,1,largo,sin_clasificar,perenne,declarativa,sin_enlaces,bloque_continuo,transcripcion_parcial,es,People & Blogs
278,APQJLP_UYjc,IlloJuan Reacciona al Único Superviviente de las Bombas Atómicas de Hiroshima y Nagasaki,IlloReacts,2198,practico_personal,largo,chart_canal,1,youtube_auto,1,13.3,1,1.08,1,1,1,1,162.4,0.174,0.014,13.3,13.28,0.6136,0.472,0.684,4.41,14.46,2.87,2.02,0.17,5.04,0.67,13.11,2.52,3.7,0.719,0.0,0.55,1,0.17,0.0,0.0,0.17,0,0,0,0,817,2,8,0.75,0.001,0.72,14,0.118,0,0,0,0,0,largo,lista_ranking,perecedero,declarativa,sin_enlaces,con_indice,transcripcion_automatica,es,People & Blogs
281,SBnJympEo94,SEMANA 1   Método Silva Ultra Control Mental   COMPLETO   Jose Silva & Vishen   Modulo 1,ATRAYENDO RIQUEZA ,8742,practico_personal,largo,busqueda_semilla,1,youtube_auto,1,16932.0,0,0.77,1,1,1,1,116.2,0.413,0.12,,,0.5065,0.49,0.508,4.61,4.49,3.93,0.06,0.0,4.25,0.3,2.42,1.0,1.89,0.628,0.59,0.0,0,0.0,0.0,0.3,0.0,0,0,0,0,262,0,11,0.8,0.004,1.32,0,0.359,0,0,0,0,0,muy_largo,sin_clasificar,perenne,declarativa,sin_enlaces,bloque_continuo,transcripcion_automatica,es,People & Blogs
282,AFWTfboOijM,LA DELGADA LINEA AMARILLA (Pelicula Completa) 1015 /PELICULA MEXICANA/,Lwcuona,5742,practico_personal,largo,busqueda_semilla,1,youtube_auto,1,5.9,1,0.28,0,1,1,0,41.7,0.832,0.333,5.9,22.03,0.6194,0.472,0.697,4.17,10.02,2.6,0.0,0.0,6.51,0.0,4.01,0.25,8.76,0.081,0.5,0.0,0,0.0,0.0,0.0,0.0,0,0,0,0,160,0,8,0.286,0.155,0.23,0,0.741,0,0,0,0,1,muy_largo,sin_clasificar,perenne,declarativa,sin_enlaces,bloque_continuo,transcripcion_parcial,es,People & Blogs
279,Hk4asHvYFy0,"😂 Las Mejores Comedias Virales del Momento | Humor Divertido de Lucas Varela, Dani, Mesi y Otros",Chicharra,10734,practico_personal,largo,busqueda_semilla,1,youtube_auto,1,5.8,1,1.27,1,1,1,1,191.2,0.271,0.034,5.8,33.12,0.5571,0.466,0.211,3.91,13.24,1.92,0.23,0.0,1.78,0.12,6.4,0.67,5.12,0.208,0.12,0.0,0,0.06,0.0,0.26,0.06,0,0,0,0,261,0,10,0.3,0.001,0.17,0,0.158,0,0,0,0,0,muy_largo,lista_ranking,perenne,declarativa,sin_enlaces,bloque_continuo,transcripcion_automatica,es,People & Blogs
284,ABc8OHigUV4,Por La Manana Yo Dirijo Mi Alabanza / Lindo Los Himnos De Las Jóvenes,Himnos Cristianos II,5175,practico_personal,largo,busqueda_semilla,1,youtube_auto,1,,0,0.25,0,1,1,0,37.6,0.631,0.22,,,0.4176,0.498,0.564,3.99,3.39,0.19,0.0,0.0,0.62,0.0,3.7,0.31,11.41,0.068,0.0,0.0,0,0.0,0.0,0.0,0.0,0,0,0,0,772,0,6,0.0,,,0,0.236,0,0,0,0,0,muy_largo,sin_clasificar,perenne,declarativa,sin_enlaces,bloque_continuo,transcripcion_parcial,es,People & Blogs
288,R6Vlt0t4VQ0,VLOG TC EN MISIONES: UNO DE LOS MEJORES CIRCUITOS,Iñaki Zugasti,3426,practico_personal,largo,chart_canal,1,youtube_auto,1,5.7,1,1.14,1,1,1,1,170.6,0.35,0.07,5.7,27.1,0.5832,0.478,0.607,4.06,20.84,2.0,0.1,0.1,1.33,1.03,4.31,0.31,8.52,0.09,0.62,0.0,0,0.1,0.0,0.31,0.1,0,0,0,0,244,0,4,0.75,0.002,0.1,0,1.0,0,0,0,0,1,largo,lista_ranking,perenne,declarativa,sin_enlaces,bloque_continuo,transcripcion_automatica,es,Autos & Vehicles
289,BX5uuRObr18,"Alerta, se acabó el tiempo, se acerca la misión redentora de Jesucristo - Andry Carías - SerieJuan46",Andry Carías | Estudios Bíblicos y Predicación,1944,practico_personal,largo,busqueda_semilla,1,youtube_auto,1,,0,1.0,1,1,1,1,150.1,0.235,0.015,,,0.5074,0.459,0.581,4.21,5.76,1.77,0.0,0.0,0.82,0.0,10.08,0.41,6.58,0.129,0.41,0.0,0,0.0,0.0,0.0,0.0,6,1,0,1,924,0,10,0.7,0.0,0.6,4,0.077,0,0,0,0,0,largo,sin_clasificar,perenne,declarativa,con_enlaces_externos,bloque_continuo,transcripcion_automatica,es,People & Blogs
285,xlRHaxIv7FE,30 MIN PILATES EN CASA || Pilates Para Principiantes (Clase Completa),Move With Nicole En Español,1838,practico_personal,largo,busqueda_semilla,1,youtube_auto,1,,0,0.64,1,1,1,1,96.3,0.205,0.016,,,0.4326,0.588,0.377,4.62,2.03,3.63,0.0,0.0,0.34,0.0,2.71,0.0,2.37,0.174,0.34,0.0,0,0.68,0.0,0.0,0.68,1,1,0,1,834,0,6,0.6,0.003,0.27,20,0.396,0,0,0,1,0,largo,lista_ranking,perenne,lista,con_enlaces_externos,bloque_continuo,transcripcion_automatica,es,People & Blogs
293,1yihntDbMTI,FIESTA NACIONAL DE LA FERIA DE SIMOCA | SUR TUCUMANO | VACACIONES DE INVIERNO | NORTE ARGENTINO,Matias Juri,1967,practico_personal,largo,busqueda_semilla,1,youtube_auto,1,,0,0.73,1,1,1,1,109.7,0.365,0.106,,,0.5385,0.462,0.675,4.06,30.32,1.59,1.11,0.0,0.83,0.0,6.68,2.5,3.89,0.683,4.45,1.83,1,0.0,0.0,0.0,0.0,2,2,0,1,2208,6,9,0.667,0.002,1.84,12,1.0,0,0,0,0,1,largo,sin_clasificar,perenne,declarativa,con_enlaces_externos,con_indice,transcripcion_automatica,es,Travel & Events
294,VIwJwkzLrVQ,VIVO - CULTIVO EXTERIOR INVIERNO - MAURI HEAVENS FRUIT,DOÑA HUANA,4563,practico_personal,largo,busqueda_semilla,1,youtube_auto,1,,0,1.01,1,1,1,1,151.5,0.361,0.098,,,0.5555,0.422,0.594,4.08,27.34,2.27,0.61,0.09,1.13,0.0,10.15,2.26,7.2,0.358,0.09,0.0,0,0.09,0.0,0.09,0.09,0,0,0,0,42,0,7,0.714,0.009,0.34,5,1.0,0,0,0,0,1,muy_largo,sin_clasificar,perenne,declarativa,sin_enlaces,bloque_continuo,transcripcion_automatica,es,People & Blogs
292,unpjouDa0nI,"VAYA ANTES Y DESPUÉS 😍 EMPEZAMOS con el JARDÍN 🌿 CAMBIOS en la CASA DE CAMPO 🏡 RECETA, IDEAS, VLOG 🥰",CASA LAUREL,2553,practico_personal,largo,chart_canal,1,youtube_auto,1,11.2,1,0.85,1,1,1,1,127.4,0.377,0.093,11.2,8.86,0.576,0.438,0.625,4.11,33.95,1.46,0.0,0.0,1.29,0.0,17.34,1.29,6.27,0.264,1.48,0.0,0,0.74,0.0,0.0,0.74,3,1,0,1,3898,0,10,0.6,0.006,0.65,42,0.878,0,0,0,0,1,largo,sin_clasificar,perenne,declarativa,con_enlaces_externos,bloque_continuo,transcripcion_automatica,es,Howto & Style
291,zWIkLlNIeg4,12 SEGUNDOS que SACUDIERON TODO — PETO y MARCO RUBIO en el MOMENTO MÁS TENSO, Historia Oculta,4188,practico_personal,largo,busqueda_semilla,1,youtube_auto,1,21.2,1,1.19,1,1,1,1,178.7,0.087,0.0,21.2,1.68,0.5886,0.47,0.559,4.72,4.25,1.07,0.24,0.0,4.01,0.96,8.74,0.4,7.37,0.114,0.0,0.0,0,0.08,0.0,0.24,0.08,0,0,0,0,1260,0,7,0.429,0.008,0.38,0,0.864,0,0,0,1,1,muy_largo,lista_ranking,perenne,lista,sin_enlaces,bloque_continuo,transcripcion_automatica,es,People & Blogs
256,hJgFf0KNKZs,PESCADO FRITO XXL a 8 soles 💚COMIDA CALLEJERA El Hueco | Mi Receta Magica,Mi Receta Magica,671,practico_personal,medio,busqueda_semilla,1,youtube_auto,1,,0,0.57,1,1,1,1,84.8,0.521,0.13,,,0.626,0.488,0.776,4.45,8.44,2.95,0.0,0.0,2.11,0.0,15.82,1.05,14.77,0.102,0.0,0.0,0,2.11,0.0,0.0,2.11,4,1,0,1,544,0,8,1.0,0.024,3.59,25,0.614,0,0,0,0,1,medio,lista_ranking,perenne,declarativa,con_enlaces_externos,bloque_continuo,transcripcion_automatica,es,Howto & Style
254,6SZBKa6f7pg,TOUR DE NUESTRA NUEVA CASA EN FRANCIA 🇫🇷,Una Mexicana en Paris,1532,practico_personal,medio,busqueda_semilla,1,youtube_auto,1,,0,1.05,1,1,1,1,157.2,0.189,0.019,,,0.5555,0.436,0.625,4.26,23.67,1.07,0.0,0.0,0.5,0.25,12.95,0.5,6.48,0.143,0.25,0.0,0,0.25,0.0,0.25,0.25,10,1,0,1,872,0,4,0.75,0.006,0.52,0,1.0,0,0,0,0,1,medio,sin_clasificar,perenne,declarativa,con_enlaces_externos,bloque_continuo,transcripcion_automatica,es,People & Blogs
231,FmGRDRvNmtc,PROGRAMA PUERTA SEÑORES 23 OCTUBRE 2022 CON JOEL ZAMORA POLLOMIX Y CARLITO.,Joel Zamora,1551,practico_personal,medio,busqueda_semilla,0,ninguna,0,,0,,0,1,1,0,,,,,,,,,,,,,,,,,,,,,0.0,0,,,,,0,0,0,0,1446,0,9,,,,0,1.0,0,0,0,0,1,medio,sin_clasificar,perecedero,declarativa,sin_enlaces,bloque_continuo,sin_transcripcion,es,People & Blogs
244,flmeOJ238q0,Escapamos de changos adictos a la mermelada de fresa mientras recogemos cristales (griterío extremo),Arepitos,925,practico_personal,medio,busqueda_semilla,1,youtube_auto,1,,0,0.36,0,1,1,0,54.2,0.483,0.129,,,0.5885,0.421,0.837,4.06,13.16,1.08,0.0,0.0,1.2,0.0,10.77,0.0,2.39,0.173,0.0,0.0,0,1.2,0.0,1.2,1.2,0,0,0,0,95,0,10,0.1,0.037,0.24,0,0.012,0,0,0,0,0,medio,sin_clasificar,perenne,declarativa,sin_enlaces,bloque_continuo,transcripcion_parcial,es,People & Blogs
247,hUs2Z1qvrdk,reparacion de chapa de puerta de #CHANGAN- 2021,YOEL  CERRAJERIA  AUTOMOTRIZ,733,practico_personal,medio,busqueda_semilla,1,youtube_auto,1,,0,0.87,1,1,1,1,130.6,0.245,0.0,,,0.4927,0.382,0.565,4.05,18.81,1.07,1.88,0.0,0.0,0.0,8.15,3.13,3.13,1.0,0.0,0.0,0,1.88,0.0,0.0,1.88,0,0,0,0,178,0,5,0.8,0.016,2.01,0,0.206,0,0,0,0,0,medio,sin_clasificar,perecedero,declarativa,sin_enlaces,bloque_continuo,transcripcion_automatica,es,People & Blogs
240,9-YSQn756ts,todos los preparativos para sobrevivir 7 dias en el medio del mar...,Sele Mosca,704,practico_personal,medio,chart_canal,1,youtube_auto,1,10.9,1,1.28,1,1,1,1,191.9,0.442,0.167,10.9,3.55,0.5665,0.446,0.676,4.3,20.43,1.38,0.0,0.0,1.33,0.0,19.54,1.33,13.32,0.132,0.0,0.0,0,0.0,0.0,0.0,0.0,0,0,0,0,234,0,4,0.5,0.028,0.44,9,0.0,0,0,0,0,0,medio,sin_clasificar,perenne,declarativa,sin_enlaces,bloque_continuo,transcripcion_automatica,es,People & Blogs
239,sSLxqufA6wM,NUEVA ACTUALIZACIÓN DE LOS AUTOS en BROOKHAVEN RP,SoyWelix,845,practico_personal,medio,chart_canal,1,youtube_auto,1,11.2,1,1.69,0,1,1,0,253.6,0.19,0.034,11.2,2.52,0.5114,0.464,0.552,4.43,15.4,0.98,0.0,0.0,0.28,0.0,22.68,2.8,5.04,0.596,0.0,0.0,0,0.0,0.0,0.0,0.0,13,9,3,1,1152,0,4,0.5,0.002,0.48,0,0.952,0,0,0,0,1,medio,sin_clasificar,perenne,declarativa,con_fuentes_verificables,bloque_continuo,transcripcion_parcial,es,People & Blogs
233,XdmeMaSpBRU,Nunca PERSIGAS A Una Mujer Cuando ELLA SE ALEJE | 5 Errores Que ARRUINARÁN Su Interés...,Yssa Beauty,696,practico_personal,medio,busqueda_semilla,1,youtube_auto,1,,0,1.14,1,1,1,1,170.6,0.211,0.042,,,0.5674,0.401,0.668,4.32,9.6,1.77,0.0,0.0,1.01,0.0,19.2,0.0,6.57,0.071,1.01,0.0,0,1.01,0.0,0.0,1.01,4,0,0,0,430,0,7,0.714,0.0,1.16,4,0.559,0,0,0,0,1,medio,sin_clasificar,perenne,declarativa,solo_enlaces_propios,bloque_continuo,transcripcion_automatica,es,Howto & Style
253,l57UfS7AJJs,Como quitar y poner el panel de puerta correctamente | Jeep Grand Cherokee WJ,Zona WJ,1103,practico_personal,medio,busqueda_semilla,1,youtube_auto,1,2408.0,0,0.87,1,1,1,1,131.0,0.263,0.027,,,0.5782,0.438,0.666,4.49,17.86,1.74,0.42,0.42,1.25,0.0,10.8,1.66,7.06,0.286,2.91,4.35,1,0.0,0.0,0.0,0.0,4,4,0,1,543,8,8,1.0,0.0,2.2,0,0.095,0,0,0,0,0,medio,instructivo,perenne,imperativa,con_enlaces_externos,con_indice,transcripcion_automatica,es,Autos & Vehicles
251,1Uu3cxL6OfI,CKLASS Kids Niña y Niño Otoño Invierno 24,Todos los Catálogos MX,773,practico_personal,medio,busqueda_semilla,0,ninguna,0,,0,,0,1,1,0,,,,,,,,,,,,,,,,,,,,,0.0,0,,,,,4,1,0,1,473,0,6,,,,0,0.344,0,0,0,0,0,medio,sin_clasificar,perenne,declarativa,con_enlaces_externos,bloque_continuo,sin_transcripcion,es,People & Blogs
255,LeutBqwnqAo,DESPUES DE UNA DERROTA VIENE UNA GRAN VICTORIA😁🙂,Knuckles FC,889,practico_personal,medio,busqueda_semilla,1,youtube_auto,1,,0,0.38,0,1,0,0,57.4,0.397,0.067,,,0.5457,0.479,0.721,4.01,10.59,1.29,0.0,0.0,3.53,0.0,7.06,0.0,11.76,0.041,0.0,0.0,0,0.0,0.0,0.0,0.0,0,0,0,0,0,0,5,0.8,0.274,0.59,0,1.0,0,0,0,0,1,medio,sin_clasificar,perenne,declarativa,sin_enlaces,bloque_continuo,transcripcion_parcial,es,People & Blogs
257,LeyOgVpt_gc,RUTINA REALISTA DE MAÑANA ANTES DE IR A LA ESCUELA CON MI * NUEVA* BEBÉ REBORN ANIETH,karla reborns1,1266,practico_personal,medio,busqueda_semilla,1,youtube_auto,1,4.8,1,0.66,1,1,1,1,99.5,0.372,0.093,4.8,27.62,0.5537,0.481,0.683,4.0,16.19,1.14,0.0,0.0,0.0,0.0,8.1,0.48,1.43,0.508,1.9,0.0,0,0.95,0.0,0.0,0.95,1,0,0,0,837,0,8,0.75,0.0,1.24,6,1.0,0,0,0,0,1,medio,sin_clasificar,perenne,declarativa,solo_enlaces_propios,bloque_continuo,transcripcion_automatica,es,People & Blogs
497,ObNXpMxbCqs,"Disciplina Diaria, No Pierdas El Tiempo",Mentalidad y Poder,1381,practico_personal,medio,busqueda_semilla,1,youtube_auto,1,,0,1.13,1,1,1,1,169.9,0.163,0.021,,,0.5731,0.451,0.616,4.34,5.63,1.43,0.0,0.0,1.28,0.26,12.02,0.26,5.37,0.129,0.0,0.0,0,0.0,0.0,0.0,0.0,6,1,0,1,1857,0,4,1.0,0.0,1.76,25,0.182,0,0,0,0,0,medio,sin_clasificar,perecedero,declarativa,con_enlaces_externos,bloque_continuo,transcripcion_automatica,es,People & Blogs
498,Jm55VOYxK7E,10 Perlas del Barrio mas ULTRAORTODOXO de Israel Sobre Pesaj,Bacari suelto en Israel,922,practico_personal,medio,busqueda_semilla,1,youtube_auto,1,,0,0.9,1,1,1,1,134.8,0.232,0.032,,,0.5591,0.434,0.662,4.35,19.79,2.7,0.0,0.48,0.48,0.48,13.03,2.41,9.65,0.287,2.41,0.0,0,0.48,0.0,0.0,0.48,4,2,0,1,1110,0,5,0.6,0.013,0.34,31,0.367,0,0,0,1,0,medio,lista_ranking,perenne,lista,con_enlaces_externos,bloque_continuo,transcripcion_automatica,es,Travel & Events
243,6sTkQZtd59Y,Vlog 8 🇪🇸 Un día de trabajo en nuestro negocio! Elaia y Rafa lo visitan por primera vez,Nohewi,1469,practico_personal,medio,chart_canal,1,youtube_auto,1,9.9,1,0.85,1,1,1,1,126.8,0.395,0.082,9.9,10.95,0.5386,0.436,0.648,4.03,30.92,0.93,0.0,0.0,0.64,0.0,28.66,0.0,8.37,0.056,0.32,0.0,0,0.0,0.0,0.0,0.0,4,1,0,1,552,0,7,0.429,0.0,0.32,10,0.061,1,0,0,0,1,medio,sin_clasificar,perenne,declarativa,con_enlaces_externos,bloque_continuo,transcripcion_automatica,es,People & Blogs
229,SZoThOhqgIM,🔥Cocinas modernas en forma de L,Jimmy carrillo tu instalador  de confianza,625,practico_personal,medio,busqueda_semilla,1,youtube_auto,1,,0,0.78,1,1,1,1,117.5,0.231,0.0,,,0.5507,0.475,0.66,4.56,19.61,1.63,0.0,0.0,0.82,0.0,2.45,0.0,3.27,0.133,1.63,0.0,0,0.82,0.0,0.82,0.82,0,0,0,0,157,0,3,0.333,0.007,0.25,0,0.08,0,0,0,0,0,medio,sin_clasificar,perenne,declarativa,sin_enlaces,bloque_continuo,transcripcion_automatica,es,People & Blogs
234,O933oBoYuHg,Estrenando la Nueva Cocina! Receta completa de Sudado Peruano de Pescado Chita | Abelca,Abelca,888,practico_personal,medio,busqueda_semilla,1,youtube_auto,1,,0,0.95,1,1,1,1,142.0,0.181,0.0,,,0.5173,0.43,0.602,4.24,13.8,2.28,0.0,0.0,5.24,0.0,0.95,8.09,4.76,1.633,0.0,0.0,0,0.48,0.0,0.0,0.48,5,0,0,0,588,0,10,0.4,0.004,1.48,11,0.125,1,0,0,0,1,medio,sin_clasificar,perenne,declarativa,solo_enlaces_propios,bloque_continuo,transcripcion_automatica,es,Howto & Style
235,zU51ehI1m1A,"Entrevista a Gabriel Fiori por los chicos del canal ""mientras tanto en Melmac""",Tanakabuki,641,practico_personal,medio,busqueda_semilla,1,youtube_auto,1,746.5,0,0.93,1,1,1,1,139.8,0.39,0.091,,,0.5992,0.446,0.782,4.24,7.37,4.15,0.0,0.0,4.69,0.67,11.39,3.35,4.69,0.742,0.0,0.0,0,0.0,0.0,0.67,0.0,1,1,0,1,669,0,7,0.714,0.017,0.4,0,0.062,0,0,0,0,0,medio,conversacion_larga,perenne,declarativa,con_enlaces_externos,bloque_continuo,transcripcion_automatica,es,People & Blogs
232,k0SWaSu0i3o,juego mientras veo la rosa de guadalupe Parte 1,El Campero show,1446,practico_personal,medio,busqueda_semilla,1,youtube_auto,1,,0,0.58,1,1,0,1,87.2,0.483,0.143,,,0.5997,0.414,0.778,4.1,7.62,1.09,0.0,0.0,1.9,0.48,11.42,0.48,11.9,0.079,0.0,0.0,0,0.0,0.0,0.0,0.0,0,0,0,0,0,0,5,0.2,0.246,0.05,0,0.026,0,0,0,0,0,medio,sin_clasificar,perenne,declarativa,sin_enlaces,bloque_continuo,transcripcion_automatica,es,People & Blogs
252,rO1IECLedms,días de verano 🌞 vlog semanal,Alex Gibert,1336,practico_personal,medio,chart_canal,1,youtube_auto,1,12.5,1,1.12,1,1,1,1,167.9,0.37,0.067,12.5,5.62,0.5894,0.452,0.674,4.01,26.22,1.5,0.27,0.0,2.68,0.27,25.15,1.07,5.62,0.257,0.8,0.0,0,0.0,0.0,0.0,0.0,3,1,0,1,571,0,4,0.75,0.001,0.4,6,0.0,0,0,0,0,0,medio,sin_clasificar,perenne,declarativa,con_enlaces_externos,bloque_continuo,transcripcion_automatica,es,People & Blogs
230,z2cqJ6ROekY,El nuevo ORDEN MUNDIAL tras la guerra en Ucrania | PERO ENTONCES,Nico Guthmann,1189,practico_personal,medio,busqueda_semilla,1,youtube_auto,1,697.0,0,1.17,1,1,1,1,175.9,0.162,0.025,,,0.6236,0.494,0.753,4.71,10.04,2.07,2.87,0.57,3.73,1.15,12.91,2.01,3.73,0.593,0.29,2.02,1,0.0,0.0,0.0,0.0,0,0,0,0,802,0,6,0.833,0.001,1.46,8,0.5,0,0,0,0,0,medio,sin_clasificar,perenne,declarativa,sin_enlaces,con_indice,transcripcion_automatica,es,People & Blogs
241,kD8YJxE3RY0,BARILOCHE - Vacaciones Invierno- Jun 2024 - Argentina,Bruno Quinta,1424,practico_personal,medio,busqueda_semilla,1,youtube_auto,1,,0,0.19,0,1,1,0,28.5,0.891,0.333,,,0.58,0.549,0.734,3.96,25.11,1.48,0.0,0.0,1.48,0.0,1.48,1.48,0.0,3.96,0.0,0.0,0,0.0,0.0,0.0,0.0,0,0,0,0,309,0,5,0.0,,,0,0.333,0,0,0,0,0,medio,sin_clasificar,perecedero,declarativa,sin_enlaces,bloque_continuo,transcripcion_parcial,es,Travel & Events
236,qssHjbvVol8,🔥BATALLA de COMIDAS de DISNEY en VIDA REAL🔥,Bruno&Joel RANDOM,694,practico_personal,medio,busqueda_semilla,1,youtube_manual,0,537.8,0,1.24,1,1,1,1,186.0,0.268,0.042,,,0.5861,0.481,0.685,4.05,0.0,0.05,0.0,0.0,0.0,0.0,0.0,0.0,0.0,1.0,0.0,0.0,0,0.0,0.0,0.0,0.0,6,0,0,0,913,0,5,0.4,0.007,0.09,19,0.824,0,0,0,0,1,medio,lista_ranking,perecedero,declarativa,solo_enlaces_propios,bloque_continuo,transcripcion_humana,es,People & Blogs
242,-wCvB7JCBzA,JUGUÉ BEDWARS DESPUES DE MUCHO Y ASI TERMINO 🐟,ThYixuz,666,practico_personal,medio,busqueda_semilla,1,youtube_auto,1,,0,0.81,1,1,1,1,120.9,0.39,0.043,,,0.4633,0.481,0.645,3.7,16.39,0.97,0.0,0.0,1.49,0.75,5.96,0.0,10.43,0.046,1.49,0.0,0,0.0,0.0,0.75,0.0,1,0,0,0,312,0,4,0.25,0.003,0.22,0,1.0,0,0,0,0,1,medio,sin_clasificar,perenne,declarativa,solo_enlaces_propios,bloque_continuo,transcripcion_automatica,es,People & Blogs
237,Z6VqoNSNaEo,NUEVA transformación DESPACHO / Elegimos mesa de FLEXISPOT,Sofía León ,1413,practico_personal,medio,chart_canal,1,youtube_auto,1,13.7,1,0.99,1,1,1,1,148.5,0.39,0.104,13.7,9.15,0.5579,0.43,0.61,3.99,36.89,1.8,0.0,0.57,1.14,0.0,10.87,0.29,3.72,0.187,0.29,0.0,0,0.0,0.29,0.29,0.29,4,2,0,1,549,0,6,0.667,0.001,0.69,0,0.46,0,0,0,0,0,medio,sin_clasificar,perenne,declarativa,con_enlaces_externos,bloque_continuo,transcripcion_automatica,es,People & Blogs
238,z6DpLH4cpZQ,CERRO CASTOR. FIESTA del INVIERNO en el centro de ski más austral do mundo! USHUAIA,Jengibre,769,practico_personal,medio,busqueda_semilla,1,youtube_auto,1,,0,0.7,1,1,1,1,104.5,0.519,0.154,,,0.622,0.472,0.738,4.39,15.68,1.94,0.0,0.0,3.73,0.0,11.95,0.0,8.22,0.057,2.99,0.0,0,0.75,0.0,0.0,0.75,0,0,0,0,380,0,8,0.875,0.003,1.94,6,0.478,1,0,0,0,1,medio,sin_clasificar,perenne,declarativa,sin_enlaces,bloque_continuo,transcripcion_automatica,es,People & Blogs
245,wObXs_xWBKE,VIAJE en MOTO 110cc al MAR! 💪🌊 PASÓ de TODO [PARTE 1],CrypRider Motovlogs,742,practico_personal,medio,busqueda_semilla,1,youtube_auto,1,1336.0,0,0.72,1,1,1,1,108.0,0.603,0.24,,,0.573,0.442,0.8,4.2,22.46,2.99,0.0,0.0,1.5,0.0,7.49,0.75,11.98,0.1,2.25,0.0,0,0.0,0.0,0.0,0.0,4,0,0,0,494,0,5,0.4,0.004,1.2,18,0.758,1,0,0,0,2,medio,sin_clasificar,perenne,declarativa,solo_enlaces_propios,bloque_continuo,transcripcion_automatica,es,People & Blogs
248,91EvajiGiik,La COMIDA MÁS DELICIOSA de TAXCO 🇲🇽 Pueblo MÁGICO |MEXICO| 4K,En los zapatos de Mónica,1282,practico_personal,medio,busqueda_semilla,1,youtube_auto,1,,0,0.61,1,1,1,1,91.5,0.469,0.163,,,0.6093,0.449,0.724,4.13,9.21,1.38,0.0,0.0,0.0,0.0,5.12,0.51,9.21,0.104,0.51,0.0,0,0.0,0.0,0.0,0.0,8,2,0,1,1172,0,6,0.833,0.041,0.61,36,0.826,0,0,0,0,1,medio,sin_clasificar,perenne,declarativa,con_enlaces_externos,bloque_continuo,transcripcion_automatica,es,Travel & Events
250,u-Gpm_0LTU4,VIAJE EN AUTO A CATARATAS DEL IGUAZÚ DESDE BUENOS AIRES (CABA) 2021  - COTY DUARTE,Coty Duarte,640,practico_personal,medio,busqueda_semilla,1,youtube_auto,1,,0,0.39,0,1,1,0,59.0,0.663,0.182,,,0.5606,0.466,0.742,4.31,31.8,3.5,1.59,1.59,3.18,0.0,23.85,3.18,15.9,0.224,1.59,0.0,0,0.0,0.0,1.59,0.0,3,0,0,0,851,0,10,0.5,0.021,1.11,0,1.0,0,0,0,0,1,medio,sin_clasificar,perecedero,declarativa,solo_enlaces_propios,bloque_continuo,transcripcion_parcial,es,People & Blogs
246,lYc9uj1lxa8,👀 Que CONFESION ATERRADORA te han hecho mientras ESTABAN INTOXICADOS? - Preguntale a REDDIT,HILOS e HISTORIAS de REDDIT,878,practico_personal,medio,busqueda_semilla,1,youtube_auto,1,,0,1.26,1,1,1,1,188.4,0.16,0.033,,,0.6195,0.482,0.736,4.39,9.07,2.61,0.73,0.0,7.25,1.09,8.71,1.45,15.23,0.124,0.0,0.0,0,0.0,0.0,0.0,0.0,0,0,0,0,119,0,8,0.625,0.0,0.8,25,0.6,0,1,0,0,1,medio,sin_clasificar,perenne,pregunta,sin_enlaces,bloque_continuo,transcripcion_automatica,es,People & Blogs
249,RZN1vcC0SeM,¿Cual es la respuesta más segura cuando tu novia te pregunta si su amiga es atractiva?,Relatos de La Red,604,practico_personal,medio,busqueda_semilla,1,youtube_auto,1,,0,1.19,1,1,1,1,178.8,0.261,0.048,,,0.6068,0.445,0.793,4.54,4.44,2.72,0.0,0.0,2.22,0.56,11.67,3.89,10.56,0.397,0.0,0.0,0,0.0,0.0,0.56,0.0,0,0,0,0,459,0,6,1.0,0.002,3.11,0,0.014,0,1,0,0,0,medio,sin_clasificar,perenne,pregunta,sin_enlaces,bloque_continuo,transcripcion_automatica,es,People & Blogs
259,R4JWrPXiLbw,Un viaje de los MÁS LOCOS en Quito Ecuador 🔥🔥 | Vadhir Derbez,Vadhir Derbez,1477,practico_personal,medio,busqueda_semilla,1,youtube_auto,1,,0,0.64,1,1,1,1,96.1,0.478,0.14,,,0.584,0.415,0.724,4.22,23.67,2.49,1.27,0.0,5.49,0.42,18.17,0.85,16.91,0.078,0.42,0.0,0,0.0,0.0,0.0,0.0,4,0,0,0,394,0,6,0.667,0.024,0.59,2,0.283,0,0,0,0,0,medio,sin_clasificar,perenne,declarativa,solo_enlaces_propios,bloque_continuo,transcripcion_automatica,es,Travel & Events
261,xr-Yv3_nGzo,El CONTEXTO de estos videos TURBIOS es horrible 💀 pov sabes el contexto 3,Natx,1705,practico_personal,medio,busqueda_semilla,1,youtube_auto,1,2260.5,0,1.06,1,1,1,1,159.1,0.208,0.0,,,0.6232,0.467,0.656,4.47,15.04,2.68,0.66,0.0,2.21,0.22,8.85,0.88,9.51,0.138,0.88,0.0,0,3.54,0.0,0.0,3.54,2,0,0,0,144,0,6,0.6,0.014,0.73,0,0.276,0,0,0,0,0,medio,sin_clasificar,perenne,declarativa,solo_enlaces_propios,bloque_continuo,transcripcion_automatica,es,People & Blogs
260,avKj0hjXr2Y,Coraje el perro cobarde y el gran Señor del Terror (Loquendo),Devoto de Azathoth,703,practico_personal,medio,busqueda_semilla,1,youtube_auto,1,,0,1.05,1,1,1,1,157.3,0.217,0.042,,,0.6305,0.527,0.73,4.74,11.94,1.36,0.54,0.0,2.17,3.26,2.17,2.71,2.17,1.202,0.0,0.0,0,0.0,0.0,0.0,0.0,0,0,0,0,291,0,7,0.857,0.179,2.06,0,0.082,0,0,0,0,0,medio,sin_clasificar,perenne,declarativa,sin_enlaces,bloque_continuo,transcripcion_automatica,es,People & Blogs
258,5UgpYzWVpoI,Aprovecha el miedo irracional al Toyota Camry V6,Lucas Abriata,844,practico_personal,medio,chart_canal,1,youtube_auto,1,17.5,1,1.2,1,1,1,1,179.3,0.214,0.034,17.5,1.98,0.5934,0.446,0.717,4.29,15.46,3.37,1.19,0.0,3.17,0.4,11.1,1.98,6.34,0.363,0.4,0.0,0,1.19,0.0,0.0,1.19,0,0,0,0,452,0,5,0.4,0.006,1.94,0,0.1,0,0,0,0,0,medio,sin_clasificar,perenne,declarativa,sin_enlaces,bloque_continuo,transcripcion_automatica,es,Autos & Vehicles
